net_name,method,mode,learning_rate,net_number,stimulus,set_size,target_condition,n_correct,n_trials,accuracy,hit_rate,false_alarm_rate,d_prime
alexnet,transfer,classify,0.001,1,VSD,2,present,19,56,0.3392857142857143,,,
alexnet,transfer,classify,0.001,1,VSD,1,present,20,32,0.625,,,
alexnet,transfer,classify,0.001,1,VSD,5,present,15,35,0.42857142857142855,,,
alexnet,transfer,classify,0.001,1,VSD,3,present,19,44,0.4318181818181818,,,
alexnet,transfer,classify,0.001,1,VSD,7,present,12,19,0.631578947368421,,,
alexnet,transfer,classify,0.001,1,VSD,10,present,2,7,0.2857142857142857,,,
alexnet,transfer,classify,0.001,1,VSD,4,present,23,47,0.48936170212765956,,,
alexnet,transfer,classify,0.001,1,VSD,6,present,13,26,0.5,,,
alexnet,transfer,classify,0.001,1,VSD,11,present,4,10,0.4,,,
alexnet,transfer,classify,0.001,1,VSD,13,present,1,2,0.5,,,
alexnet,transfer,classify,0.001,1,VSD,9,present,7,8,0.875,,,
alexnet,transfer,classify,0.001,1,VSD,14,present,0,0,,,,
alexnet,transfer,classify,0.001,1,VSD,8,present,8,14,0.5714285714285714,,,
alexnet,transfer,classify,0.001,1,VSD,20,present,1,1,1.0,,,
alexnet,transfer,classify,0.001,1,VSD,12,present,2,3,0.6666666666666666,,,
alexnet,transfer,classify,0.001,1,VSD,18,present,0,2,0.0,,,
alexnet,transfer,classify,0.001,1,VSD,16,present,0,1,0.0,,,
alexnet,transfer,classify,0.001,1,VSD,22,present,0,0,,,,
alexnet,transfer,classify,0.001,1,VSD,15,present,0,1,0.0,,,
alexnet,transfer,classify,0.001,1,VSD,42,present,0,0,,,,
alexnet,transfer,classify,0.001,1,VSD,21,present,1,1,1.0,,,
alexnet,transfer,classify,0.001,1,VSD,19,present,0,1,0.0,,,
alexnet,transfer,classify,0.001,1,VSD,17,present,0,1,0.0,,,
alexnet,transfer,classify,0.001,1,VSD,2,absent,575,599,0.9599332220367279,,,
alexnet,transfer,classify,0.001,1,VSD,1,absent,1188,1201,0.9891756869275604,,,
alexnet,transfer,classify,0.001,1,VSD,5,absent,86,92,0.9347826086956522,,,
alexnet,transfer,classify,0.001,1,VSD,3,absent,299,311,0.9614147909967846,,,
alexnet,transfer,classify,0.001,1,VSD,7,absent,35,37,0.9459459459459459,,,
alexnet,transfer,classify,0.001,1,VSD,10,absent,22,22,1.0,,,
alexnet,transfer,classify,0.001,1,VSD,4,absent,160,164,0.975609756097561,,,
alexnet,transfer,classify,0.001,1,VSD,6,absent,54,58,0.9310344827586207,,,
alexnet,transfer,classify,0.001,1,VSD,11,absent,9,10,0.9,,,
alexnet,transfer,classify,0.001,1,VSD,13,absent,3,3,1.0,,,
alexnet,transfer,classify,0.001,1,VSD,9,absent,19,19,1.0,,,
alexnet,transfer,classify,0.001,1,VSD,14,absent,5,5,1.0,,,
alexnet,transfer,classify,0.001,1,VSD,8,absent,29,29,1.0,,,
alexnet,transfer,classify,0.001,1,VSD,20,absent,2,2,1.0,,,
alexnet,transfer,classify,0.001,1,VSD,12,absent,8,8,1.0,,,
alexnet,transfer,classify,0.001,1,VSD,18,absent,2,2,1.0,,,
alexnet,transfer,classify,0.001,1,VSD,16,absent,5,5,1.0,,,
alexnet,transfer,classify,0.001,1,VSD,22,absent,1,1,1.0,,,
alexnet,transfer,classify,0.001,1,VSD,15,absent,2,2,1.0,,,
alexnet,transfer,classify,0.001,1,VSD,42,absent,1,1,1.0,,,
alexnet,transfer,classify,0.001,1,VSD,21,absent,0,0,,,,
alexnet,transfer,classify,0.001,1,VSD,19,absent,2,2,1.0,,,
alexnet,transfer,classify,0.001,1,VSD,17,absent,0,0,,,,
alexnet,transfer,classify,0.001,1,VSD,2,both,594,655,0.9068702290076336,,,
alexnet,transfer,classify,0.001,1,VSD,1,both,1208,1233,0.9797242497972425,,,
alexnet,transfer,classify,0.001,1,VSD,5,both,101,127,0.7952755905511811,,,
alexnet,transfer,classify,0.001,1,VSD,3,both,318,355,0.895774647887324,,,
alexnet,transfer,classify,0.001,1,VSD,7,both,47,56,0.8392857142857143,,,
alexnet,transfer,classify,0.001,1,VSD,10,both,24,29,0.8275862068965517,,,
alexnet,transfer,classify,0.001,1,VSD,4,both,183,211,0.8672985781990521,,,
alexnet,transfer,classify,0.001,1,VSD,6,both,67,84,0.7976190476190477,,,
alexnet,transfer,classify,0.001,1,VSD,11,both,13,20,0.65,,,
alexnet,transfer,classify,0.001,1,VSD,13,both,4,5,0.8,,,
alexnet,transfer,classify,0.001,1,VSD,9,both,26,27,0.9629629629629629,,,
alexnet,transfer,classify,0.001,1,VSD,14,both,5,5,1.0,,,
alexnet,transfer,classify,0.001,1,VSD,8,both,37,43,0.8604651162790697,,,
alexnet,transfer,classify,0.001,1,VSD,20,both,3,3,1.0,,,
alexnet,transfer,classify,0.001,1,VSD,12,both,10,11,0.9090909090909091,,,
alexnet,transfer,classify,0.001,1,VSD,18,both,2,4,0.5,,,
alexnet,transfer,classify,0.001,1,VSD,16,both,5,6,0.8333333333333334,,,
alexnet,transfer,classify,0.001,1,VSD,22,both,1,1,1.0,,,
alexnet,transfer,classify,0.001,1,VSD,15,both,2,3,0.6666666666666666,,,
alexnet,transfer,classify,0.001,1,VSD,42,both,1,1,1.0,,,
alexnet,transfer,classify,0.001,1,VSD,21,both,1,1,1.0,,,
alexnet,transfer,classify,0.001,1,VSD,19,both,2,3,0.6666666666666666,,,
alexnet,transfer,classify,0.001,1,VSD,17,both,0,1,0.0,,,
alexnet,transfer,classify,0.001,2,VSD,2,present,16,56,0.2857142857142857,,,
alexnet,transfer,classify,0.001,2,VSD,1,present,19,32,0.59375,,,
alexnet,transfer,classify,0.001,2,VSD,5,present,15,35,0.42857142857142855,,,
alexnet,transfer,classify,0.001,2,VSD,3,present,21,44,0.4772727272727273,,,
alexnet,transfer,classify,0.001,2,VSD,7,present,10,19,0.5263157894736842,,,
alexnet,transfer,classify,0.001,2,VSD,10,present,2,7,0.2857142857142857,,,
alexnet,transfer,classify,0.001,2,VSD,4,present,22,47,0.46808510638297873,,,
alexnet,transfer,classify,0.001,2,VSD,6,present,12,26,0.46153846153846156,,,
alexnet,transfer,classify,0.001,2,VSD,11,present,4,10,0.4,,,
alexnet,transfer,classify,0.001,2,VSD,13,present,2,2,1.0,,,
alexnet,transfer,classify,0.001,2,VSD,9,present,5,8,0.625,,,
alexnet,transfer,classify,0.001,2,VSD,14,present,0,0,,,,
alexnet,transfer,classify,0.001,2,VSD,8,present,8,14,0.5714285714285714,,,
alexnet,transfer,classify,0.001,2,VSD,20,present,1,1,1.0,,,
alexnet,transfer,classify,0.001,2,VSD,12,present,2,3,0.6666666666666666,,,
alexnet,transfer,classify,0.001,2,VSD,18,present,0,2,0.0,,,
alexnet,transfer,classify,0.001,2,VSD,16,present,0,1,0.0,,,
alexnet,transfer,classify,0.001,2,VSD,22,present,0,0,,,,
alexnet,transfer,classify,0.001,2,VSD,15,present,0,1,0.0,,,
alexnet,transfer,classify,0.001,2,VSD,42,present,0,0,,,,
alexnet,transfer,classify,0.001,2,VSD,21,present,1,1,1.0,,,
alexnet,transfer,classify,0.001,2,VSD,19,present,0,1,0.0,,,
alexnet,transfer,classify,0.001,2,VSD,17,present,1,1,1.0,,,
alexnet,transfer,classify,0.001,2,VSD,2,absent,577,599,0.9632721202003339,,,
alexnet,transfer,classify,0.001,2,VSD,1,absent,1190,1201,0.9908409658617818,,,
alexnet,transfer,classify,0.001,2,VSD,5,absent,90,92,0.9782608695652174,,,
alexnet,transfer,classify,0.001,2,VSD,3,absent,297,311,0.954983922829582,,,
alexnet,transfer,classify,0.001,2,VSD,7,absent,35,37,0.9459459459459459,,,
alexnet,transfer,classify,0.001,2,VSD,10,absent,21,22,0.9545454545454546,,,
alexnet,transfer,classify,0.001,2,VSD,4,absent,161,164,0.9817073170731707,,,
alexnet,transfer,classify,0.001,2,VSD,6,absent,55,58,0.9482758620689655,,,
alexnet,transfer,classify,0.001,2,VSD,11,absent,10,10,1.0,,,
alexnet,transfer,classify,0.001,2,VSD,13,absent,3,3,1.0,,,
alexnet,transfer,classify,0.001,2,VSD,9,absent,19,19,1.0,,,
alexnet,transfer,classify,0.001,2,VSD,14,absent,5,5,1.0,,,
alexnet,transfer,classify,0.001,2,VSD,8,absent,29,29,1.0,,,
alexnet,transfer,classify,0.001,2,VSD,20,absent,2,2,1.0,,,
alexnet,transfer,classify,0.001,2,VSD,12,absent,8,8,1.0,,,
alexnet,transfer,classify,0.001,2,VSD,18,absent,2,2,1.0,,,
alexnet,transfer,classify,0.001,2,VSD,16,absent,4,5,0.8,,,
alexnet,transfer,classify,0.001,2,VSD,22,absent,1,1,1.0,,,
alexnet,transfer,classify,0.001,2,VSD,15,absent,2,2,1.0,,,
alexnet,transfer,classify,0.001,2,VSD,42,absent,1,1,1.0,,,
alexnet,transfer,classify,0.001,2,VSD,21,absent,0,0,,,,
alexnet,transfer,classify,0.001,2,VSD,19,absent,2,2,1.0,,,
alexnet,transfer,classify,0.001,2,VSD,17,absent,0,0,,,,
alexnet,transfer,classify,0.001,2,VSD,2,both,593,655,0.9053435114503817,,,
alexnet,transfer,classify,0.001,2,VSD,1,both,1209,1233,0.9805352798053528,,,
alexnet,transfer,classify,0.001,2,VSD,5,both,105,127,0.8267716535433071,,,
alexnet,transfer,classify,0.001,2,VSD,3,both,318,355,0.895774647887324,,,
alexnet,transfer,classify,0.001,2,VSD,7,both,45,56,0.8035714285714286,,,
alexnet,transfer,classify,0.001,2,VSD,10,both,23,29,0.7931034482758621,,,
alexnet,transfer,classify,0.001,2,VSD,4,both,183,211,0.8672985781990521,,,
alexnet,transfer,classify,0.001,2,VSD,6,both,67,84,0.7976190476190477,,,
alexnet,transfer,classify,0.001,2,VSD,11,both,14,20,0.7,,,
alexnet,transfer,classify,0.001,2,VSD,13,both,5,5,1.0,,,
alexnet,transfer,classify,0.001,2,VSD,9,both,24,27,0.8888888888888888,,,
alexnet,transfer,classify,0.001,2,VSD,14,both,5,5,1.0,,,
alexnet,transfer,classify,0.001,2,VSD,8,both,37,43,0.8604651162790697,,,
alexnet,transfer,classify,0.001,2,VSD,20,both,3,3,1.0,,,
alexnet,transfer,classify,0.001,2,VSD,12,both,10,11,0.9090909090909091,,,
alexnet,transfer,classify,0.001,2,VSD,18,both,2,4,0.5,,,
alexnet,transfer,classify,0.001,2,VSD,16,both,4,6,0.6666666666666666,,,
alexnet,transfer,classify,0.001,2,VSD,22,both,1,1,1.0,,,
alexnet,transfer,classify,0.001,2,VSD,15,both,2,3,0.6666666666666666,,,
alexnet,transfer,classify,0.001,2,VSD,42,both,1,1,1.0,,,
alexnet,transfer,classify,0.001,2,VSD,21,both,1,1,1.0,,,
alexnet,transfer,classify,0.001,2,VSD,19,both,2,3,0.6666666666666666,,,
alexnet,transfer,classify,0.001,2,VSD,17,both,1,1,1.0,,,
alexnet,transfer,classify,0.001,3,VSD,2,present,20,56,0.35714285714285715,,,
alexnet,transfer,classify,0.001,3,VSD,1,present,23,32,0.71875,,,
alexnet,transfer,classify,0.001,3,VSD,5,present,18,35,0.5142857142857142,,,
alexnet,transfer,classify,0.001,3,VSD,3,present,20,44,0.45454545454545453,,,
alexnet,transfer,classify,0.001,3,VSD,7,present,12,19,0.631578947368421,,,
alexnet,transfer,classify,0.001,3,VSD,10,present,3,7,0.42857142857142855,,,
alexnet,transfer,classify,0.001,3,VSD,4,present,23,47,0.48936170212765956,,,
alexnet,transfer,classify,0.001,3,VSD,6,present,15,26,0.5769230769230769,,,
alexnet,transfer,classify,0.001,3,VSD,11,present,4,10,0.4,,,
alexnet,transfer,classify,0.001,3,VSD,13,present,1,2,0.5,,,
alexnet,transfer,classify,0.001,3,VSD,9,present,4,8,0.5,,,
alexnet,transfer,classify,0.001,3,VSD,14,present,0,0,,,,
alexnet,transfer,classify,0.001,3,VSD,8,present,9,14,0.6428571428571429,,,
alexnet,transfer,classify,0.001,3,VSD,20,present,1,1,1.0,,,
alexnet,transfer,classify,0.001,3,VSD,12,present,2,3,0.6666666666666666,,,
alexnet,transfer,classify,0.001,3,VSD,18,present,0,2,0.0,,,
alexnet,transfer,classify,0.001,3,VSD,16,present,0,1,0.0,,,
alexnet,transfer,classify,0.001,3,VSD,22,present,0,0,,,,
alexnet,transfer,classify,0.001,3,VSD,15,present,0,1,0.0,,,
alexnet,transfer,classify,0.001,3,VSD,42,present,0,0,,,,
alexnet,transfer,classify,0.001,3,VSD,21,present,1,1,1.0,,,
alexnet,transfer,classify,0.001,3,VSD,19,present,0,1,0.0,,,
alexnet,transfer,classify,0.001,3,VSD,17,present,1,1,1.0,,,
alexnet,transfer,classify,0.001,3,VSD,2,absent,567,599,0.9465776293823038,,,
alexnet,transfer,classify,0.001,3,VSD,1,absent,1184,1201,0.9858451290591174,,,
alexnet,transfer,classify,0.001,3,VSD,5,absent,88,92,0.9565217391304348,,,
alexnet,transfer,classify,0.001,3,VSD,3,absent,295,311,0.9485530546623794,,,
alexnet,transfer,classify,0.001,3,VSD,7,absent,35,37,0.9459459459459459,,,
alexnet,transfer,classify,0.001,3,VSD,10,absent,21,22,0.9545454545454546,,,
alexnet,transfer,classify,0.001,3,VSD,4,absent,158,164,0.9634146341463414,,,
alexnet,transfer,classify,0.001,3,VSD,6,absent,55,58,0.9482758620689655,,,
alexnet,transfer,classify,0.001,3,VSD,11,absent,9,10,0.9,,,
alexnet,transfer,classify,0.001,3,VSD,13,absent,3,3,1.0,,,
alexnet,transfer,classify,0.001,3,VSD,9,absent,19,19,1.0,,,
alexnet,transfer,classify,0.001,3,VSD,14,absent,5,5,1.0,,,
alexnet,transfer,classify,0.001,3,VSD,8,absent,29,29,1.0,,,
alexnet,transfer,classify,0.001,3,VSD,20,absent,2,2,1.0,,,
alexnet,transfer,classify,0.001,3,VSD,12,absent,8,8,1.0,,,
alexnet,transfer,classify,0.001,3,VSD,18,absent,2,2,1.0,,,
alexnet,transfer,classify,0.001,3,VSD,16,absent,4,5,0.8,,,
alexnet,transfer,classify,0.001,3,VSD,22,absent,1,1,1.0,,,
alexnet,transfer,classify,0.001,3,VSD,15,absent,2,2,1.0,,,
alexnet,transfer,classify,0.001,3,VSD,42,absent,1,1,1.0,,,
alexnet,transfer,classify,0.001,3,VSD,21,absent,0,0,,,,
alexnet,transfer,classify,0.001,3,VSD,19,absent,2,2,1.0,,,
alexnet,transfer,classify,0.001,3,VSD,17,absent,0,0,,,,
alexnet,transfer,classify,0.001,3,VSD,2,both,587,655,0.8961832061068702,,,
alexnet,transfer,classify,0.001,3,VSD,1,both,1207,1233,0.9789132197891321,,,
alexnet,transfer,classify,0.001,3,VSD,5,both,106,127,0.8346456692913385,,,
alexnet,transfer,classify,0.001,3,VSD,3,both,315,355,0.8873239436619719,,,
alexnet,transfer,classify,0.001,3,VSD,7,both,47,56,0.8392857142857143,,,
alexnet,transfer,classify,0.001,3,VSD,10,both,24,29,0.8275862068965517,,,
alexnet,transfer,classify,0.001,3,VSD,4,both,181,211,0.8578199052132701,,,
alexnet,transfer,classify,0.001,3,VSD,6,both,70,84,0.8333333333333334,,,
alexnet,transfer,classify,0.001,3,VSD,11,both,13,20,0.65,,,
alexnet,transfer,classify,0.001,3,VSD,13,both,4,5,0.8,,,
alexnet,transfer,classify,0.001,3,VSD,9,both,23,27,0.8518518518518519,,,
alexnet,transfer,classify,0.001,3,VSD,14,both,5,5,1.0,,,
alexnet,transfer,classify,0.001,3,VSD,8,both,38,43,0.8837209302325582,,,
alexnet,transfer,classify,0.001,3,VSD,20,both,3,3,1.0,,,
alexnet,transfer,classify,0.001,3,VSD,12,both,10,11,0.9090909090909091,,,
alexnet,transfer,classify,0.001,3,VSD,18,both,2,4,0.5,,,
alexnet,transfer,classify,0.001,3,VSD,16,both,4,6,0.6666666666666666,,,
alexnet,transfer,classify,0.001,3,VSD,22,both,1,1,1.0,,,
alexnet,transfer,classify,0.001,3,VSD,15,both,2,3,0.6666666666666666,,,
alexnet,transfer,classify,0.001,3,VSD,42,both,1,1,1.0,,,
alexnet,transfer,classify,0.001,3,VSD,21,both,1,1,1.0,,,
alexnet,transfer,classify,0.001,3,VSD,19,both,2,3,0.6666666666666666,,,
alexnet,transfer,classify,0.001,3,VSD,17,both,1,1,1.0,,,
alexnet,transfer,classify,0.001,4,VSD,2,present,22,56,0.39285714285714285,,,
alexnet,transfer,classify,0.001,4,VSD,1,present,21,32,0.65625,,,
alexnet,transfer,classify,0.001,4,VSD,5,present,18,35,0.5142857142857142,,,
alexnet,transfer,classify,0.001,4,VSD,3,present,23,44,0.5227272727272727,,,
alexnet,transfer,classify,0.001,4,VSD,7,present,12,19,0.631578947368421,,,
alexnet,transfer,classify,0.001,4,VSD,10,present,2,7,0.2857142857142857,,,
alexnet,transfer,classify,0.001,4,VSD,4,present,26,47,0.5531914893617021,,,
alexnet,transfer,classify,0.001,4,VSD,6,present,16,26,0.6153846153846154,,,
alexnet,transfer,classify,0.001,4,VSD,11,present,5,10,0.5,,,
alexnet,transfer,classify,0.001,4,VSD,13,present,1,2,0.5,,,
alexnet,transfer,classify,0.001,4,VSD,9,present,7,8,0.875,,,
alexnet,transfer,classify,0.001,4,VSD,14,present,0,0,,,,
alexnet,transfer,classify,0.001,4,VSD,8,present,8,14,0.5714285714285714,,,
alexnet,transfer,classify,0.001,4,VSD,20,present,1,1,1.0,,,
alexnet,transfer,classify,0.001,4,VSD,12,present,2,3,0.6666666666666666,,,
alexnet,transfer,classify,0.001,4,VSD,18,present,0,2,0.0,,,
alexnet,transfer,classify,0.001,4,VSD,16,present,0,1,0.0,,,
alexnet,transfer,classify,0.001,4,VSD,22,present,0,0,,,,
alexnet,transfer,classify,0.001,4,VSD,15,present,0,1,0.0,,,
alexnet,transfer,classify,0.001,4,VSD,42,present,0,0,,,,
alexnet,transfer,classify,0.001,4,VSD,21,present,1,1,1.0,,,
alexnet,transfer,classify,0.001,4,VSD,19,present,0,1,0.0,,,
alexnet,transfer,classify,0.001,4,VSD,17,present,1,1,1.0,,,
alexnet,transfer,classify,0.001,4,VSD,2,absent,570,599,0.9515859766277128,,,
alexnet,transfer,classify,0.001,4,VSD,1,absent,1183,1201,0.9850124895920067,,,
alexnet,transfer,classify,0.001,4,VSD,5,absent,87,92,0.9456521739130435,,,
alexnet,transfer,classify,0.001,4,VSD,3,absent,293,311,0.9421221864951769,,,
alexnet,transfer,classify,0.001,4,VSD,7,absent,35,37,0.9459459459459459,,,
alexnet,transfer,classify,0.001,4,VSD,10,absent,22,22,1.0,,,
alexnet,transfer,classify,0.001,4,VSD,4,absent,159,164,0.9695121951219512,,,
alexnet,transfer,classify,0.001,4,VSD,6,absent,55,58,0.9482758620689655,,,
alexnet,transfer,classify,0.001,4,VSD,11,absent,10,10,1.0,,,
alexnet,transfer,classify,0.001,4,VSD,13,absent,3,3,1.0,,,
alexnet,transfer,classify,0.001,4,VSD,9,absent,18,19,0.9473684210526315,,,
alexnet,transfer,classify,0.001,4,VSD,14,absent,5,5,1.0,,,
alexnet,transfer,classify,0.001,4,VSD,8,absent,28,29,0.9655172413793104,,,
alexnet,transfer,classify,0.001,4,VSD,20,absent,2,2,1.0,,,
alexnet,transfer,classify,0.001,4,VSD,12,absent,8,8,1.0,,,
alexnet,transfer,classify,0.001,4,VSD,18,absent,2,2,1.0,,,
alexnet,transfer,classify,0.001,4,VSD,16,absent,4,5,0.8,,,
alexnet,transfer,classify,0.001,4,VSD,22,absent,1,1,1.0,,,
alexnet,transfer,classify,0.001,4,VSD,15,absent,2,2,1.0,,,
alexnet,transfer,classify,0.001,4,VSD,42,absent,1,1,1.0,,,
alexnet,transfer,classify,0.001,4,VSD,21,absent,0,0,,,,
alexnet,transfer,classify,0.001,4,VSD,19,absent,2,2,1.0,,,
alexnet,transfer,classify,0.001,4,VSD,17,absent,0,0,,,,
alexnet,transfer,classify,0.001,4,VSD,2,both,592,655,0.9038167938931297,,,
alexnet,transfer,classify,0.001,4,VSD,1,both,1204,1233,0.9764801297648013,,,
alexnet,transfer,classify,0.001,4,VSD,5,both,105,127,0.8267716535433071,,,
alexnet,transfer,classify,0.001,4,VSD,3,both,316,355,0.8901408450704226,,,
alexnet,transfer,classify,0.001,4,VSD,7,both,47,56,0.8392857142857143,,,
alexnet,transfer,classify,0.001,4,VSD,10,both,24,29,0.8275862068965517,,,
alexnet,transfer,classify,0.001,4,VSD,4,both,185,211,0.8767772511848341,,,
alexnet,transfer,classify,0.001,4,VSD,6,both,71,84,0.8452380952380952,,,
alexnet,transfer,classify,0.001,4,VSD,11,both,15,20,0.75,,,
alexnet,transfer,classify,0.001,4,VSD,13,both,4,5,0.8,,,
alexnet,transfer,classify,0.001,4,VSD,9,both,25,27,0.9259259259259259,,,
alexnet,transfer,classify,0.001,4,VSD,14,both,5,5,1.0,,,
alexnet,transfer,classify,0.001,4,VSD,8,both,36,43,0.8372093023255814,,,
alexnet,transfer,classify,0.001,4,VSD,20,both,3,3,1.0,,,
alexnet,transfer,classify,0.001,4,VSD,12,both,10,11,0.9090909090909091,,,
alexnet,transfer,classify,0.001,4,VSD,18,both,2,4,0.5,,,
alexnet,transfer,classify,0.001,4,VSD,16,both,4,6,0.6666666666666666,,,
alexnet,transfer,classify,0.001,4,VSD,22,both,1,1,1.0,,,
alexnet,transfer,classify,0.001,4,VSD,15,both,2,3,0.6666666666666666,,,
alexnet,transfer,classify,0.001,4,VSD,42,both,1,1,1.0,,,
alexnet,transfer,classify,0.001,4,VSD,21,both,1,1,1.0,,,
alexnet,transfer,classify,0.001,4,VSD,19,both,2,3,0.6666666666666666,,,
alexnet,transfer,classify,0.001,4,VSD,17,both,1,1,1.0,,,
VGG16,transfer,classify,0.001,1,VSD,2,present,24,56,0.42857142857142855,,,
VGG16,transfer,classify,0.001,1,VSD,1,present,23,32,0.71875,,,
VGG16,transfer,classify,0.001,1,VSD,5,present,18,35,0.5142857142857142,,,
VGG16,transfer,classify,0.001,1,VSD,3,present,23,44,0.5227272727272727,,,
VGG16,transfer,classify,0.001,1,VSD,7,present,15,19,0.7894736842105263,,,
VGG16,transfer,classify,0.001,1,VSD,10,present,4,7,0.5714285714285714,,,
VGG16,transfer,classify,0.001,1,VSD,4,present,26,47,0.5531914893617021,,,
VGG16,transfer,classify,0.001,1,VSD,6,present,15,26,0.5769230769230769,,,
VGG16,transfer,classify,0.001,1,VSD,11,present,4,10,0.4,,,
VGG16,transfer,classify,0.001,1,VSD,13,present,1,2,0.5,,,
VGG16,transfer,classify,0.001,1,VSD,9,present,5,8,0.625,,,
VGG16,transfer,classify,0.001,1,VSD,14,present,0,0,,,,
VGG16,transfer,classify,0.001,1,VSD,8,present,12,14,0.8571428571428571,,,
VGG16,transfer,classify,0.001,1,VSD,20,present,1,1,1.0,,,
VGG16,transfer,classify,0.001,1,VSD,12,present,2,3,0.6666666666666666,,,
VGG16,transfer,classify,0.001,1,VSD,18,present,1,2,0.5,,,
VGG16,transfer,classify,0.001,1,VSD,16,present,0,1,0.0,,,
VGG16,transfer,classify,0.001,1,VSD,22,present,0,0,,,,
VGG16,transfer,classify,0.001,1,VSD,15,present,0,1,0.0,,,
VGG16,transfer,classify,0.001,1,VSD,42,present,0,0,,,,
VGG16,transfer,classify,0.001,1,VSD,21,present,1,1,1.0,,,
VGG16,transfer,classify,0.001,1,VSD,19,present,0,1,0.0,,,
VGG16,transfer,classify,0.001,1,VSD,17,present,1,1,1.0,,,
VGG16,transfer,classify,0.001,1,VSD,2,absent,576,599,0.9616026711185309,,,
VGG16,transfer,classify,0.001,1,VSD,1,absent,1186,1201,0.9875104079933389,,,
VGG16,transfer,classify,0.001,1,VSD,5,absent,86,92,0.9347826086956522,,,
VGG16,transfer,classify,0.001,1,VSD,3,absent,296,311,0.9517684887459807,,,
VGG16,transfer,classify,0.001,1,VSD,7,absent,33,37,0.8918918918918919,,,
VGG16,transfer,classify,0.001,1,VSD,10,absent,22,22,1.0,,,
VGG16,transfer,classify,0.001,1,VSD,4,absent,160,164,0.975609756097561,,,
VGG16,transfer,classify,0.001,1,VSD,6,absent,57,58,0.9827586206896551,,,
VGG16,transfer,classify,0.001,1,VSD,11,absent,7,10,0.7,,,
VGG16,transfer,classify,0.001,1,VSD,13,absent,3,3,1.0,,,
VGG16,transfer,classify,0.001,1,VSD,9,absent,19,19,1.0,,,
VGG16,transfer,classify,0.001,1,VSD,14,absent,5,5,1.0,,,
VGG16,transfer,classify,0.001,1,VSD,8,absent,29,29,1.0,,,
VGG16,transfer,classify,0.001,1,VSD,20,absent,2,2,1.0,,,
VGG16,transfer,classify,0.001,1,VSD,12,absent,8,8,1.0,,,
VGG16,transfer,classify,0.001,1,VSD,18,absent,2,2,1.0,,,
VGG16,transfer,classify,0.001,1,VSD,16,absent,4,5,0.8,,,
VGG16,transfer,classify,0.001,1,VSD,22,absent,1,1,1.0,,,
VGG16,transfer,classify,0.001,1,VSD,15,absent,2,2,1.0,,,
VGG16,transfer,classify,0.001,1,VSD,42,absent,1,1,1.0,,,
VGG16,transfer,classify,0.001,1,VSD,21,absent,0,0,,,,
VGG16,transfer,classify,0.001,1,VSD,19,absent,2,2,1.0,,,
VGG16,transfer,classify,0.001,1,VSD,17,absent,0,0,,,,
VGG16,transfer,classify,0.001,1,VSD,2,both,600,655,0.916030534351145,,,
VGG16,transfer,classify,0.001,1,VSD,1,both,1209,1233,0.9805352798053528,,,
VGG16,transfer,classify,0.001,1,VSD,5,both,104,127,0.8188976377952756,,,
VGG16,transfer,classify,0.001,1,VSD,3,both,319,355,0.8985915492957747,,,
VGG16,transfer,classify,0.001,1,VSD,7,both,48,56,0.8571428571428571,,,
VGG16,transfer,classify,0.001,1,VSD,10,both,26,29,0.896551724137931,,,
VGG16,transfer,classify,0.001,1,VSD,4,both,186,211,0.8815165876777251,,,
VGG16,transfer,classify,0.001,1,VSD,6,both,72,84,0.8571428571428571,,,
VGG16,transfer,classify,0.001,1,VSD,11,both,11,20,0.55,,,
VGG16,transfer,classify,0.001,1,VSD,13,both,4,5,0.8,,,
VGG16,transfer,classify,0.001,1,VSD,9,both,24,27,0.8888888888888888,,,
VGG16,transfer,classify,0.001,1,VSD,14,both,5,5,1.0,,,
VGG16,transfer,classify,0.001,1,VSD,8,both,41,43,0.9534883720930233,,,
VGG16,transfer,classify,0.001,1,VSD,20,both,3,3,1.0,,,
VGG16,transfer,classify,0.001,1,VSD,12,both,10,11,0.9090909090909091,,,
VGG16,transfer,classify,0.001,1,VSD,18,both,3,4,0.75,,,
VGG16,transfer,classify,0.001,1,VSD,16,both,4,6,0.6666666666666666,,,
VGG16,transfer,classify,0.001,1,VSD,22,both,1,1,1.0,,,
VGG16,transfer,classify,0.001,1,VSD,15,both,2,3,0.6666666666666666,,,
VGG16,transfer,classify,0.001,1,VSD,42,both,1,1,1.0,,,
VGG16,transfer,classify,0.001,1,VSD,21,both,1,1,1.0,,,
VGG16,transfer,classify,0.001,1,VSD,19,both,2,3,0.6666666666666666,,,
VGG16,transfer,classify,0.001,1,VSD,17,both,1,1,1.0,,,
VGG16,transfer,classify,0.001,2,VSD,2,present,28,56,0.5,,,
VGG16,transfer,classify,0.001,2,VSD,1,present,25,32,0.78125,,,
VGG16,transfer,classify,0.001,2,VSD,5,present,18,35,0.5142857142857142,,,
VGG16,transfer,classify,0.001,2,VSD,3,present,26,44,0.5909090909090909,,,
VGG16,transfer,classify,0.001,2,VSD,7,present,16,19,0.8421052631578947,,,
VGG16,transfer,classify,0.001,2,VSD,10,present,3,7,0.42857142857142855,,,
VGG16,transfer,classify,0.001,2,VSD,4,present,25,47,0.5319148936170213,,,
VGG16,transfer,classify,0.001,2,VSD,6,present,17,26,0.6538461538461539,,,
VGG16,transfer,classify,0.001,2,VSD,11,present,6,10,0.6,,,
VGG16,transfer,classify,0.001,2,VSD,13,present,1,2,0.5,,,
VGG16,transfer,classify,0.001,2,VSD,9,present,7,8,0.875,,,
VGG16,transfer,classify,0.001,2,VSD,14,present,0,0,,,,
VGG16,transfer,classify,0.001,2,VSD,8,present,10,14,0.7142857142857143,,,
VGG16,transfer,classify,0.001,2,VSD,20,present,1,1,1.0,,,
VGG16,transfer,classify,0.001,2,VSD,12,present,2,3,0.6666666666666666,,,
VGG16,transfer,classify,0.001,2,VSD,18,present,1,2,0.5,,,
VGG16,transfer,classify,0.001,2,VSD,16,present,1,1,1.0,,,
VGG16,transfer,classify,0.001,2,VSD,22,present,0,0,,,,
VGG16,transfer,classify,0.001,2,VSD,15,present,0,1,0.0,,,
VGG16,transfer,classify,0.001,2,VSD,42,present,0,0,,,,
VGG16,transfer,classify,0.001,2,VSD,21,present,1,1,1.0,,,
VGG16,transfer,classify,0.001,2,VSD,19,present,0,1,0.0,,,
VGG16,transfer,classify,0.001,2,VSD,17,present,1,1,1.0,,,
VGG16,transfer,classify,0.001,2,VSD,2,absent,576,599,0.9616026711185309,,,
VGG16,transfer,classify,0.001,2,VSD,1,absent,1187,1201,0.9883430474604497,,,
VGG16,transfer,classify,0.001,2,VSD,5,absent,87,92,0.9456521739130435,,,
VGG16,transfer,classify,0.001,2,VSD,3,absent,294,311,0.9453376205787781,,,
VGG16,transfer,classify,0.001,2,VSD,7,absent,33,37,0.8918918918918919,,,
VGG16,transfer,classify,0.001,2,VSD,10,absent,22,22,1.0,,,
VGG16,transfer,classify,0.001,2,VSD,4,absent,162,164,0.9878048780487805,,,
VGG16,transfer,classify,0.001,2,VSD,6,absent,55,58,0.9482758620689655,,,
VGG16,transfer,classify,0.001,2,VSD,11,absent,7,10,0.7,,,
VGG16,transfer,classify,0.001,2,VSD,13,absent,3,3,1.0,,,
VGG16,transfer,classify,0.001,2,VSD,9,absent,19,19,1.0,,,
VGG16,transfer,classify,0.001,2,VSD,14,absent,5,5,1.0,,,
VGG16,transfer,classify,0.001,2,VSD,8,absent,28,29,0.9655172413793104,,,
VGG16,transfer,classify,0.001,2,VSD,20,absent,2,2,1.0,,,
VGG16,transfer,classify,0.001,2,VSD,12,absent,7,8,0.875,,,
VGG16,transfer,classify,0.001,2,VSD,18,absent,2,2,1.0,,,
VGG16,transfer,classify,0.001,2,VSD,16,absent,3,5,0.6,,,
VGG16,transfer,classify,0.001,2,VSD,22,absent,1,1,1.0,,,
VGG16,transfer,classify,0.001,2,VSD,15,absent,2,2,1.0,,,
VGG16,transfer,classify,0.001,2,VSD,42,absent,1,1,1.0,,,
VGG16,transfer,classify,0.001,2,VSD,21,absent,0,0,,,,
VGG16,transfer,classify,0.001,2,VSD,19,absent,2,2,1.0,,,
VGG16,transfer,classify,0.001,2,VSD,17,absent,0,0,,,,
VGG16,transfer,classify,0.001,2,VSD,2,both,604,655,0.9221374045801527,,,
VGG16,transfer,classify,0.001,2,VSD,1,both,1212,1233,0.9829683698296837,,,
VGG16,transfer,classify,0.001,2,VSD,5,both,105,127,0.8267716535433071,,,
VGG16,transfer,classify,0.001,2,VSD,3,both,320,355,0.9014084507042254,,,
VGG16,transfer,classify,0.001,2,VSD,7,both,49,56,0.875,,,
VGG16,transfer,classify,0.001,2,VSD,10,both,25,29,0.8620689655172413,,,
VGG16,transfer,classify,0.001,2,VSD,4,both,187,211,0.8862559241706162,,,
VGG16,transfer,classify,0.001,2,VSD,6,both,72,84,0.8571428571428571,,,
VGG16,transfer,classify,0.001,2,VSD,11,both,13,20,0.65,,,
VGG16,transfer,classify,0.001,2,VSD,13,both,4,5,0.8,,,
VGG16,transfer,classify,0.001,2,VSD,9,both,26,27,0.9629629629629629,,,
VGG16,transfer,classify,0.001,2,VSD,14,both,5,5,1.0,,,
VGG16,transfer,classify,0.001,2,VSD,8,both,38,43,0.8837209302325582,,,
VGG16,transfer,classify,0.001,2,VSD,20,both,3,3,1.0,,,
VGG16,transfer,classify,0.001,2,VSD,12,both,9,11,0.8181818181818182,,,
VGG16,transfer,classify,0.001,2,VSD,18,both,3,4,0.75,,,
VGG16,transfer,classify,0.001,2,VSD,16,both,4,6,0.6666666666666666,,,
VGG16,transfer,classify,0.001,2,VSD,22,both,1,1,1.0,,,
VGG16,transfer,classify,0.001,2,VSD,15,both,2,3,0.6666666666666666,,,
VGG16,transfer,classify,0.001,2,VSD,42,both,1,1,1.0,,,
VGG16,transfer,classify,0.001,2,VSD,21,both,1,1,1.0,,,
VGG16,transfer,classify,0.001,2,VSD,19,both,2,3,0.6666666666666666,,,
VGG16,transfer,classify,0.001,2,VSD,17,both,1,1,1.0,,,
VGG16,transfer,classify,0.001,3,VSD,2,present,28,56,0.5,,,
VGG16,transfer,classify,0.001,3,VSD,1,present,26,32,0.8125,,,
VGG16,transfer,classify,0.001,3,VSD,5,present,19,35,0.5428571428571428,,,
VGG16,transfer,classify,0.001,3,VSD,3,present,26,44,0.5909090909090909,,,
VGG16,transfer,classify,0.001,3,VSD,7,present,15,19,0.7894736842105263,,,
VGG16,transfer,classify,0.001,3,VSD,10,present,3,7,0.42857142857142855,,,
VGG16,transfer,classify,0.001,3,VSD,4,present,25,47,0.5319148936170213,,,
VGG16,transfer,classify,0.001,3,VSD,6,present,17,26,0.6538461538461539,,,
VGG16,transfer,classify,0.001,3,VSD,11,present,7,10,0.7,,,
VGG16,transfer,classify,0.001,3,VSD,13,present,1,2,0.5,,,
VGG16,transfer,classify,0.001,3,VSD,9,present,6,8,0.75,,,
VGG16,transfer,classify,0.001,3,VSD,14,present,0,0,,,,
VGG16,transfer,classify,0.001,3,VSD,8,present,10,14,0.7142857142857143,,,
VGG16,transfer,classify,0.001,3,VSD,20,present,1,1,1.0,,,
VGG16,transfer,classify,0.001,3,VSD,12,present,2,3,0.6666666666666666,,,
VGG16,transfer,classify,0.001,3,VSD,18,present,1,2,0.5,,,
VGG16,transfer,classify,0.001,3,VSD,16,present,0,1,0.0,,,
VGG16,transfer,classify,0.001,3,VSD,22,present,0,0,,,,
VGG16,transfer,classify,0.001,3,VSD,15,present,0,1,0.0,,,
VGG16,transfer,classify,0.001,3,VSD,42,present,0,0,,,,
VGG16,transfer,classify,0.001,3,VSD,21,present,1,1,1.0,,,
VGG16,transfer,classify,0.001,3,VSD,19,present,0,1,0.0,,,
VGG16,transfer,classify,0.001,3,VSD,17,present,1,1,1.0,,,
VGG16,transfer,classify,0.001,3,VSD,2,absent,577,599,0.9632721202003339,,,
VGG16,transfer,classify,0.001,3,VSD,1,absent,1184,1201,0.9858451290591174,,,
VGG16,transfer,classify,0.001,3,VSD,5,absent,89,92,0.967391304347826,,,
VGG16,transfer,classify,0.001,3,VSD,3,absent,296,311,0.9517684887459807,,,
VGG16,transfer,classify,0.001,3,VSD,7,absent,33,37,0.8918918918918919,,,
VGG16,transfer,classify,0.001,3,VSD,10,absent,22,22,1.0,,,
VGG16,transfer,classify,0.001,3,VSD,4,absent,161,164,0.9817073170731707,,,
VGG16,transfer,classify,0.001,3,VSD,6,absent,55,58,0.9482758620689655,,,
VGG16,transfer,classify,0.001,3,VSD,11,absent,8,10,0.8,,,
VGG16,transfer,classify,0.001,3,VSD,13,absent,3,3,1.0,,,
VGG16,transfer,classify,0.001,3,VSD,9,absent,18,19,0.9473684210526315,,,
VGG16,transfer,classify,0.001,3,VSD,14,absent,5,5,1.0,,,
VGG16,transfer,classify,0.001,3,VSD,8,absent,29,29,1.0,,,
VGG16,transfer,classify,0.001,3,VSD,20,absent,2,2,1.0,,,
VGG16,transfer,classify,0.001,3,VSD,12,absent,7,8,0.875,,,
VGG16,transfer,classify,0.001,3,VSD,18,absent,2,2,1.0,,,
VGG16,transfer,classify,0.001,3,VSD,16,absent,4,5,0.8,,,
VGG16,transfer,classify,0.001,3,VSD,22,absent,1,1,1.0,,,
VGG16,transfer,classify,0.001,3,VSD,15,absent,2,2,1.0,,,
VGG16,transfer,classify,0.001,3,VSD,42,absent,1,1,1.0,,,
VGG16,transfer,classify,0.001,3,VSD,21,absent,0,0,,,,
VGG16,transfer,classify,0.001,3,VSD,19,absent,2,2,1.0,,,
VGG16,transfer,classify,0.001,3,VSD,17,absent,0,0,,,,
VGG16,transfer,classify,0.001,3,VSD,2,both,605,655,0.9236641221374046,,,
VGG16,transfer,classify,0.001,3,VSD,1,both,1210,1233,0.981346309813463,,,
VGG16,transfer,classify,0.001,3,VSD,5,both,108,127,0.8503937007874016,,,
VGG16,transfer,classify,0.001,3,VSD,3,both,322,355,0.9070422535211268,,,
VGG16,transfer,classify,0.001,3,VSD,7,both,48,56,0.8571428571428571,,,
VGG16,transfer,classify,0.001,3,VSD,10,both,25,29,0.8620689655172413,,,
VGG16,transfer,classify,0.001,3,VSD,4,both,186,211,0.8815165876777251,,,
VGG16,transfer,classify,0.001,3,VSD,6,both,72,84,0.8571428571428571,,,
VGG16,transfer,classify,0.001,3,VSD,11,both,15,20,0.75,,,
VGG16,transfer,classify,0.001,3,VSD,13,both,4,5,0.8,,,
VGG16,transfer,classify,0.001,3,VSD,9,both,24,27,0.8888888888888888,,,
VGG16,transfer,classify,0.001,3,VSD,14,both,5,5,1.0,,,
VGG16,transfer,classify,0.001,3,VSD,8,both,39,43,0.9069767441860465,,,
VGG16,transfer,classify,0.001,3,VSD,20,both,3,3,1.0,,,
VGG16,transfer,classify,0.001,3,VSD,12,both,9,11,0.8181818181818182,,,
VGG16,transfer,classify,0.001,3,VSD,18,both,3,4,0.75,,,
VGG16,transfer,classify,0.001,3,VSD,16,both,4,6,0.6666666666666666,,,
VGG16,transfer,classify,0.001,3,VSD,22,both,1,1,1.0,,,
VGG16,transfer,classify,0.001,3,VSD,15,both,2,3,0.6666666666666666,,,
VGG16,transfer,classify,0.001,3,VSD,42,both,1,1,1.0,,,
VGG16,transfer,classify,0.001,3,VSD,21,both,1,1,1.0,,,
VGG16,transfer,classify,0.001,3,VSD,19,both,2,3,0.6666666666666666,,,
VGG16,transfer,classify,0.001,3,VSD,17,both,1,1,1.0,,,
VGG16,transfer,classify,0.001,4,VSD,2,present,24,56,0.42857142857142855,,,
VGG16,transfer,classify,0.001,4,VSD,1,present,24,32,0.75,,,
VGG16,transfer,classify,0.001,4,VSD,5,present,19,35,0.5428571428571428,,,
VGG16,transfer,classify,0.001,4,VSD,3,present,22,44,0.5,,,
VGG16,transfer,classify,0.001,4,VSD,7,present,16,19,0.8421052631578947,,,
VGG16,transfer,classify,0.001,4,VSD,10,present,3,7,0.42857142857142855,,,
VGG16,transfer,classify,0.001,4,VSD,4,present,26,47,0.5531914893617021,,,
VGG16,transfer,classify,0.001,4,VSD,6,present,15,26,0.5769230769230769,,,
VGG16,transfer,classify,0.001,4,VSD,11,present,5,10,0.5,,,
VGG16,transfer,classify,0.001,4,VSD,13,present,1,2,0.5,,,
VGG16,transfer,classify,0.001,4,VSD,9,present,5,8,0.625,,,
VGG16,transfer,classify,0.001,4,VSD,14,present,0,0,,,,
VGG16,transfer,classify,0.001,4,VSD,8,present,10,14,0.7142857142857143,,,
VGG16,transfer,classify,0.001,4,VSD,20,present,1,1,1.0,,,
VGG16,transfer,classify,0.001,4,VSD,12,present,2,3,0.6666666666666666,,,
VGG16,transfer,classify,0.001,4,VSD,18,present,2,2,1.0,,,
VGG16,transfer,classify,0.001,4,VSD,16,present,0,1,0.0,,,
VGG16,transfer,classify,0.001,4,VSD,22,present,0,0,,,,
VGG16,transfer,classify,0.001,4,VSD,15,present,0,1,0.0,,,
VGG16,transfer,classify,0.001,4,VSD,42,present,0,0,,,,
VGG16,transfer,classify,0.001,4,VSD,21,present,1,1,1.0,,,
VGG16,transfer,classify,0.001,4,VSD,19,present,0,1,0.0,,,
VGG16,transfer,classify,0.001,4,VSD,17,present,1,1,1.0,,,
VGG16,transfer,classify,0.001,4,VSD,2,absent,579,599,0.9666110183639399,,,
VGG16,transfer,classify,0.001,4,VSD,1,absent,1186,1201,0.9875104079933389,,,
VGG16,transfer,classify,0.001,4,VSD,5,absent,89,92,0.967391304347826,,,
VGG16,transfer,classify,0.001,4,VSD,3,absent,298,311,0.9581993569131833,,,
VGG16,transfer,classify,0.001,4,VSD,7,absent,35,37,0.9459459459459459,,,
VGG16,transfer,classify,0.001,4,VSD,10,absent,22,22,1.0,,,
VGG16,transfer,classify,0.001,4,VSD,4,absent,163,164,0.9939024390243902,,,
VGG16,transfer,classify,0.001,4,VSD,6,absent,56,58,0.9655172413793104,,,
VGG16,transfer,classify,0.001,4,VSD,11,absent,10,10,1.0,,,
VGG16,transfer,classify,0.001,4,VSD,13,absent,3,3,1.0,,,
VGG16,transfer,classify,0.001,4,VSD,9,absent,19,19,1.0,,,
VGG16,transfer,classify,0.001,4,VSD,14,absent,5,5,1.0,,,
VGG16,transfer,classify,0.001,4,VSD,8,absent,29,29,1.0,,,
VGG16,transfer,classify,0.001,4,VSD,20,absent,2,2,1.0,,,
VGG16,transfer,classify,0.001,4,VSD,12,absent,8,8,1.0,,,
VGG16,transfer,classify,0.001,4,VSD,18,absent,1,2,0.5,,,
VGG16,transfer,classify,0.001,4,VSD,16,absent,4,5,0.8,,,
VGG16,transfer,classify,0.001,4,VSD,22,absent,1,1,1.0,,,
VGG16,transfer,classify,0.001,4,VSD,15,absent,2,2,1.0,,,
VGG16,transfer,classify,0.001,4,VSD,42,absent,1,1,1.0,,,
VGG16,transfer,classify,0.001,4,VSD,21,absent,0,0,,,,
VGG16,transfer,classify,0.001,4,VSD,19,absent,2,2,1.0,,,
VGG16,transfer,classify,0.001,4,VSD,17,absent,0,0,,,,
VGG16,transfer,classify,0.001,4,VSD,2,both,603,655,0.9206106870229007,,,
VGG16,transfer,classify,0.001,4,VSD,1,both,1210,1233,0.981346309813463,,,
VGG16,transfer,classify,0.001,4,VSD,5,both,108,127,0.8503937007874016,,,
VGG16,transfer,classify,0.001,4,VSD,3,both,320,355,0.9014084507042254,,,
VGG16,transfer,classify,0.001,4,VSD,7,both,51,56,0.9107142857142857,,,
VGG16,transfer,classify,0.001,4,VSD,10,both,25,29,0.8620689655172413,,,
VGG16,transfer,classify,0.001,4,VSD,4,both,189,211,0.8957345971563981,,,
VGG16,transfer,classify,0.001,4,VSD,6,both,71,84,0.8452380952380952,,,
VGG16,transfer,classify,0.001,4,VSD,11,both,15,20,0.75,,,
VGG16,transfer,classify,0.001,4,VSD,13,both,4,5,0.8,,,
VGG16,transfer,classify,0.001,4,VSD,9,both,24,27,0.8888888888888888,,,
VGG16,transfer,classify,0.001,4,VSD,14,both,5,5,1.0,,,
VGG16,transfer,classify,0.001,4,VSD,8,both,39,43,0.9069767441860465,,,
VGG16,transfer,classify,0.001,4,VSD,20,both,3,3,1.0,,,
VGG16,transfer,classify,0.001,4,VSD,12,both,10,11,0.9090909090909091,,,
VGG16,transfer,classify,0.001,4,VSD,18,both,3,4,0.75,,,
VGG16,transfer,classify,0.001,4,VSD,16,both,4,6,0.6666666666666666,,,
VGG16,transfer,classify,0.001,4,VSD,22,both,1,1,1.0,,,
VGG16,transfer,classify,0.001,4,VSD,15,both,2,3,0.6666666666666666,,,
VGG16,transfer,classify,0.001,4,VSD,42,both,1,1,1.0,,,
VGG16,transfer,classify,0.001,4,VSD,21,both,1,1,1.0,,,
VGG16,transfer,classify,0.001,4,VSD,19,both,2,3,0.6666666666666666,,,
VGG16,transfer,classify,0.001,4,VSD,17,both,1,1,1.0,,,
CORnet_Z,transfer,classify,0.001,1,VSD,2,present,14,56,0.25,,,
CORnet_Z,transfer,classify,0.001,1,VSD,1,present,9,32,0.28125,,,
CORnet_Z,transfer,classify,0.001,1,VSD,5,present,12,35,0.34285714285714286,,,
CORnet_Z,transfer,classify,0.001,1,VSD,3,present,17,44,0.38636363636363635,,,
CORnet_Z,transfer,classify,0.001,1,VSD,7,present,12,19,0.631578947368421,,,
CORnet_Z,transfer,classify,0.001,1,VSD,10,present,2,7,0.2857142857142857,,,
CORnet_Z,transfer,classify,0.001,1,VSD,4,present,16,47,0.3404255319148936,,,
CORnet_Z,transfer,classify,0.001,1,VSD,6,present,12,26,0.46153846153846156,,,
CORnet_Z,transfer,classify,0.001,1,VSD,11,present,2,10,0.2,,,
CORnet_Z,transfer,classify,0.001,1,VSD,13,present,2,2,1.0,,,
CORnet_Z,transfer,classify,0.001,1,VSD,9,present,5,8,0.625,,,
CORnet_Z,transfer,classify,0.001,1,VSD,14,present,0,0,,,,
CORnet_Z,transfer,classify,0.001,1,VSD,8,present,7,14,0.5,,,
CORnet_Z,transfer,classify,0.001,1,VSD,20,present,1,1,1.0,,,
CORnet_Z,transfer,classify,0.001,1,VSD,12,present,2,3,0.6666666666666666,,,
CORnet_Z,transfer,classify,0.001,1,VSD,18,present,0,2,0.0,,,
CORnet_Z,transfer,classify,0.001,1,VSD,16,present,0,1,0.0,,,
CORnet_Z,transfer,classify,0.001,1,VSD,22,present,0,0,,,,
CORnet_Z,transfer,classify,0.001,1,VSD,15,present,0,1,0.0,,,
CORnet_Z,transfer,classify,0.001,1,VSD,42,present,0,0,,,,
CORnet_Z,transfer,classify,0.001,1,VSD,21,present,0,1,0.0,,,
CORnet_Z,transfer,classify,0.001,1,VSD,19,present,0,1,0.0,,,
CORnet_Z,transfer,classify,0.001,1,VSD,17,present,1,1,1.0,,,
CORnet_Z,transfer,classify,0.001,1,VSD,2,absent,581,599,0.9699499165275459,,,
CORnet_Z,transfer,classify,0.001,1,VSD,1,absent,1191,1201,0.9916736053288926,,,
CORnet_Z,transfer,classify,0.001,1,VSD,5,absent,90,92,0.9782608695652174,,,
CORnet_Z,transfer,classify,0.001,1,VSD,3,absent,297,311,0.954983922829582,,,
CORnet_Z,transfer,classify,0.001,1,VSD,7,absent,35,37,0.9459459459459459,,,
CORnet_Z,transfer,classify,0.001,1,VSD,10,absent,21,22,0.9545454545454546,,,
CORnet_Z,transfer,classify,0.001,1,VSD,4,absent,159,164,0.9695121951219512,,,
CORnet_Z,transfer,classify,0.001,1,VSD,6,absent,54,58,0.9310344827586207,,,
CORnet_Z,transfer,classify,0.001,1,VSD,11,absent,9,10,0.9,,,
CORnet_Z,transfer,classify,0.001,1,VSD,13,absent,3,3,1.0,,,
CORnet_Z,transfer,classify,0.001,1,VSD,9,absent,19,19,1.0,,,
CORnet_Z,transfer,classify,0.001,1,VSD,14,absent,5,5,1.0,,,
CORnet_Z,transfer,classify,0.001,1,VSD,8,absent,27,29,0.9310344827586207,,,
CORnet_Z,transfer,classify,0.001,1,VSD,20,absent,2,2,1.0,,,
CORnet_Z,transfer,classify,0.001,1,VSD,12,absent,8,8,1.0,,,
CORnet_Z,transfer,classify,0.001,1,VSD,18,absent,2,2,1.0,,,
CORnet_Z,transfer,classify,0.001,1,VSD,16,absent,5,5,1.0,,,
CORnet_Z,transfer,classify,0.001,1,VSD,22,absent,1,1,1.0,,,
CORnet_Z,transfer,classify,0.001,1,VSD,15,absent,2,2,1.0,,,
CORnet_Z,transfer,classify,0.001,1,VSD,42,absent,1,1,1.0,,,
CORnet_Z,transfer,classify,0.001,1,VSD,21,absent,0,0,,,,
CORnet_Z,transfer,classify,0.001,1,VSD,19,absent,2,2,1.0,,,
CORnet_Z,transfer,classify,0.001,1,VSD,17,absent,0,0,,,,
CORnet_Z,transfer,classify,0.001,1,VSD,2,both,595,655,0.9083969465648855,,,
CORnet_Z,transfer,classify,0.001,1,VSD,1,both,1200,1233,0.9732360097323601,,,
CORnet_Z,transfer,classify,0.001,1,VSD,5,both,102,127,0.8031496062992126,,,
CORnet_Z,transfer,classify,0.001,1,VSD,3,both,314,355,0.8845070422535212,,,
CORnet_Z,transfer,classify,0.001,1,VSD,7,both,47,56,0.8392857142857143,,,
CORnet_Z,transfer,classify,0.001,1,VSD,10,both,23,29,0.7931034482758621,,,
CORnet_Z,transfer,classify,0.001,1,VSD,4,both,175,211,0.8293838862559242,,,
CORnet_Z,transfer,classify,0.001,1,VSD,6,both,66,84,0.7857142857142857,,,
CORnet_Z,transfer,classify,0.001,1,VSD,11,both,11,20,0.55,,,
CORnet_Z,transfer,classify,0.001,1,VSD,13,both,5,5,1.0,,,
CORnet_Z,transfer,classify,0.001,1,VSD,9,both,24,27,0.8888888888888888,,,
CORnet_Z,transfer,classify,0.001,1,VSD,14,both,5,5,1.0,,,
CORnet_Z,transfer,classify,0.001,1,VSD,8,both,34,43,0.7906976744186046,,,
CORnet_Z,transfer,classify,0.001,1,VSD,20,both,3,3,1.0,,,
CORnet_Z,transfer,classify,0.001,1,VSD,12,both,10,11,0.9090909090909091,,,
CORnet_Z,transfer,classify,0.001,1,VSD,18,both,2,4,0.5,,,
CORnet_Z,transfer,classify,0.001,1,VSD,16,both,5,6,0.8333333333333334,,,
CORnet_Z,transfer,classify,0.001,1,VSD,22,both,1,1,1.0,,,
CORnet_Z,transfer,classify,0.001,1,VSD,15,both,2,3,0.6666666666666666,,,
CORnet_Z,transfer,classify,0.001,1,VSD,42,both,1,1,1.0,,,
CORnet_Z,transfer,classify,0.001,1,VSD,21,both,0,1,0.0,,,
CORnet_Z,transfer,classify,0.001,1,VSD,19,both,2,3,0.6666666666666666,,,
CORnet_Z,transfer,classify,0.001,1,VSD,17,both,1,1,1.0,,,
CORnet_Z,transfer,classify,0.001,2,VSD,2,present,14,56,0.25,,,
CORnet_Z,transfer,classify,0.001,2,VSD,1,present,8,32,0.25,,,
CORnet_Z,transfer,classify,0.001,2,VSD,5,present,12,35,0.34285714285714286,,,
CORnet_Z,transfer,classify,0.001,2,VSD,3,present,14,44,0.3181818181818182,,,
CORnet_Z,transfer,classify,0.001,2,VSD,7,present,9,19,0.47368421052631576,,,
CORnet_Z,transfer,classify,0.001,2,VSD,10,present,1,7,0.14285714285714285,,,
CORnet_Z,transfer,classify,0.001,2,VSD,4,present,15,47,0.3191489361702128,,,
CORnet_Z,transfer,classify,0.001,2,VSD,6,present,11,26,0.4230769230769231,,,
CORnet_Z,transfer,classify,0.001,2,VSD,11,present,3,10,0.3,,,
CORnet_Z,transfer,classify,0.001,2,VSD,13,present,1,2,0.5,,,
CORnet_Z,transfer,classify,0.001,2,VSD,9,present,5,8,0.625,,,
CORnet_Z,transfer,classify,0.001,2,VSD,14,present,0,0,,,,
CORnet_Z,transfer,classify,0.001,2,VSD,8,present,7,14,0.5,,,
CORnet_Z,transfer,classify,0.001,2,VSD,20,present,1,1,1.0,,,
CORnet_Z,transfer,classify,0.001,2,VSD,12,present,1,3,0.3333333333333333,,,
CORnet_Z,transfer,classify,0.001,2,VSD,18,present,0,2,0.0,,,
CORnet_Z,transfer,classify,0.001,2,VSD,16,present,0,1,0.0,,,
CORnet_Z,transfer,classify,0.001,2,VSD,22,present,0,0,,,,
CORnet_Z,transfer,classify,0.001,2,VSD,15,present,0,1,0.0,,,
CORnet_Z,transfer,classify,0.001,2,VSD,42,present,0,0,,,,
CORnet_Z,transfer,classify,0.001,2,VSD,21,present,0,1,0.0,,,
CORnet_Z,transfer,classify,0.001,2,VSD,19,present,0,1,0.0,,,
CORnet_Z,transfer,classify,0.001,2,VSD,17,present,1,1,1.0,,,
CORnet_Z,transfer,classify,0.001,2,VSD,2,absent,577,599,0.9632721202003339,,,
CORnet_Z,transfer,classify,0.001,2,VSD,1,absent,1193,1201,0.9933388842631141,,,
CORnet_Z,transfer,classify,0.001,2,VSD,5,absent,90,92,0.9782608695652174,,,
CORnet_Z,transfer,classify,0.001,2,VSD,3,absent,300,311,0.9646302250803859,,,
CORnet_Z,transfer,classify,0.001,2,VSD,7,absent,35,37,0.9459459459459459,,,
CORnet_Z,transfer,classify,0.001,2,VSD,10,absent,22,22,1.0,,,
CORnet_Z,transfer,classify,0.001,2,VSD,4,absent,159,164,0.9695121951219512,,,
CORnet_Z,transfer,classify,0.001,2,VSD,6,absent,55,58,0.9482758620689655,,,
CORnet_Z,transfer,classify,0.001,2,VSD,11,absent,10,10,1.0,,,
CORnet_Z,transfer,classify,0.001,2,VSD,13,absent,3,3,1.0,,,
CORnet_Z,transfer,classify,0.001,2,VSD,9,absent,18,19,0.9473684210526315,,,
CORnet_Z,transfer,classify,0.001,2,VSD,14,absent,5,5,1.0,,,
CORnet_Z,transfer,classify,0.001,2,VSD,8,absent,27,29,0.9310344827586207,,,
CORnet_Z,transfer,classify,0.001,2,VSD,20,absent,2,2,1.0,,,
CORnet_Z,transfer,classify,0.001,2,VSD,12,absent,8,8,1.0,,,
CORnet_Z,transfer,classify,0.001,2,VSD,18,absent,2,2,1.0,,,
CORnet_Z,transfer,classify,0.001,2,VSD,16,absent,5,5,1.0,,,
CORnet_Z,transfer,classify,0.001,2,VSD,22,absent,1,1,1.0,,,
CORnet_Z,transfer,classify,0.001,2,VSD,15,absent,2,2,1.0,,,
CORnet_Z,transfer,classify,0.001,2,VSD,42,absent,1,1,1.0,,,
CORnet_Z,transfer,classify,0.001,2,VSD,21,absent,0,0,,,,
CORnet_Z,transfer,classify,0.001,2,VSD,19,absent,2,2,1.0,,,
CORnet_Z,transfer,classify,0.001,2,VSD,17,absent,0,0,,,,
CORnet_Z,transfer,classify,0.001,2,VSD,2,both,591,655,0.9022900763358779,,,
CORnet_Z,transfer,classify,0.001,2,VSD,1,both,1201,1233,0.9740470397404704,,,
CORnet_Z,transfer,classify,0.001,2,VSD,5,both,102,127,0.8031496062992126,,,
CORnet_Z,transfer,classify,0.001,2,VSD,3,both,314,355,0.8845070422535212,,,
CORnet_Z,transfer,classify,0.001,2,VSD,7,both,44,56,0.7857142857142857,,,
CORnet_Z,transfer,classify,0.001,2,VSD,10,both,23,29,0.7931034482758621,,,
CORnet_Z,transfer,classify,0.001,2,VSD,4,both,174,211,0.8246445497630331,,,
CORnet_Z,transfer,classify,0.001,2,VSD,6,both,66,84,0.7857142857142857,,,
CORnet_Z,transfer,classify,0.001,2,VSD,11,both,13,20,0.65,,,
CORnet_Z,transfer,classify,0.001,2,VSD,13,both,4,5,0.8,,,
CORnet_Z,transfer,classify,0.001,2,VSD,9,both,23,27,0.8518518518518519,,,
CORnet_Z,transfer,classify,0.001,2,VSD,14,both,5,5,1.0,,,
CORnet_Z,transfer,classify,0.001,2,VSD,8,both,34,43,0.7906976744186046,,,
CORnet_Z,transfer,classify,0.001,2,VSD,20,both,3,3,1.0,,,
CORnet_Z,transfer,classify,0.001,2,VSD,12,both,9,11,0.8181818181818182,,,
CORnet_Z,transfer,classify,0.001,2,VSD,18,both,2,4,0.5,,,
CORnet_Z,transfer,classify,0.001,2,VSD,16,both,5,6,0.8333333333333334,,,
CORnet_Z,transfer,classify,0.001,2,VSD,22,both,1,1,1.0,,,
CORnet_Z,transfer,classify,0.001,2,VSD,15,both,2,3,0.6666666666666666,,,
CORnet_Z,transfer,classify,0.001,2,VSD,42,both,1,1,1.0,,,
CORnet_Z,transfer,classify,0.001,2,VSD,21,both,0,1,0.0,,,
CORnet_Z,transfer,classify,0.001,2,VSD,19,both,2,3,0.6666666666666666,,,
CORnet_Z,transfer,classify,0.001,2,VSD,17,both,1,1,1.0,,,
CORnet_Z,transfer,classify,0.001,3,VSD,2,present,10,56,0.17857142857142858,,,
CORnet_Z,transfer,classify,0.001,3,VSD,1,present,10,32,0.3125,,,
CORnet_Z,transfer,classify,0.001,3,VSD,5,present,11,35,0.3142857142857143,,,
CORnet_Z,transfer,classify,0.001,3,VSD,3,present,9,44,0.20454545454545456,,,
CORnet_Z,transfer,classify,0.001,3,VSD,7,present,10,19,0.5263157894736842,,,
CORnet_Z,transfer,classify,0.001,3,VSD,10,present,1,7,0.14285714285714285,,,
CORnet_Z,transfer,classify,0.001,3,VSD,4,present,16,47,0.3404255319148936,,,
CORnet_Z,transfer,classify,0.001,3,VSD,6,present,15,26,0.5769230769230769,,,
CORnet_Z,transfer,classify,0.001,3,VSD,11,present,2,10,0.2,,,
CORnet_Z,transfer,classify,0.001,3,VSD,13,present,1,2,0.5,,,
CORnet_Z,transfer,classify,0.001,3,VSD,9,present,5,8,0.625,,,
CORnet_Z,transfer,classify,0.001,3,VSD,14,present,0,0,,,,
CORnet_Z,transfer,classify,0.001,3,VSD,8,present,6,14,0.42857142857142855,,,
CORnet_Z,transfer,classify,0.001,3,VSD,20,present,1,1,1.0,,,
CORnet_Z,transfer,classify,0.001,3,VSD,12,present,2,3,0.6666666666666666,,,
CORnet_Z,transfer,classify,0.001,3,VSD,18,present,0,2,0.0,,,
CORnet_Z,transfer,classify,0.001,3,VSD,16,present,0,1,0.0,,,
CORnet_Z,transfer,classify,0.001,3,VSD,22,present,0,0,,,,
CORnet_Z,transfer,classify,0.001,3,VSD,15,present,0,1,0.0,,,
CORnet_Z,transfer,classify,0.001,3,VSD,42,present,0,0,,,,
CORnet_Z,transfer,classify,0.001,3,VSD,21,present,0,1,0.0,,,
CORnet_Z,transfer,classify,0.001,3,VSD,19,present,0,1,0.0,,,
CORnet_Z,transfer,classify,0.001,3,VSD,17,present,1,1,1.0,,,
CORnet_Z,transfer,classify,0.001,3,VSD,2,absent,587,599,0.9799666110183639,,,
CORnet_Z,transfer,classify,0.001,3,VSD,1,absent,1193,1201,0.9933388842631141,,,
CORnet_Z,transfer,classify,0.001,3,VSD,5,absent,88,92,0.9565217391304348,,,
CORnet_Z,transfer,classify,0.001,3,VSD,3,absent,304,311,0.977491961414791,,,
CORnet_Z,transfer,classify,0.001,3,VSD,7,absent,33,37,0.8918918918918919,,,
CORnet_Z,transfer,classify,0.001,3,VSD,10,absent,22,22,1.0,,,
CORnet_Z,transfer,classify,0.001,3,VSD,4,absent,160,164,0.975609756097561,,,
CORnet_Z,transfer,classify,0.001,3,VSD,6,absent,56,58,0.9655172413793104,,,
CORnet_Z,transfer,classify,0.001,3,VSD,11,absent,10,10,1.0,,,
CORnet_Z,transfer,classify,0.001,3,VSD,13,absent,3,3,1.0,,,
CORnet_Z,transfer,classify,0.001,3,VSD,9,absent,19,19,1.0,,,
CORnet_Z,transfer,classify,0.001,3,VSD,14,absent,5,5,1.0,,,
CORnet_Z,transfer,classify,0.001,3,VSD,8,absent,29,29,1.0,,,
CORnet_Z,transfer,classify,0.001,3,VSD,20,absent,2,2,1.0,,,
CORnet_Z,transfer,classify,0.001,3,VSD,12,absent,8,8,1.0,,,
CORnet_Z,transfer,classify,0.001,3,VSD,18,absent,2,2,1.0,,,
CORnet_Z,transfer,classify,0.001,3,VSD,16,absent,5,5,1.0,,,
CORnet_Z,transfer,classify,0.001,3,VSD,22,absent,1,1,1.0,,,
CORnet_Z,transfer,classify,0.001,3,VSD,15,absent,2,2,1.0,,,
CORnet_Z,transfer,classify,0.001,3,VSD,42,absent,1,1,1.0,,,
CORnet_Z,transfer,classify,0.001,3,VSD,21,absent,0,0,,,,
CORnet_Z,transfer,classify,0.001,3,VSD,19,absent,2,2,1.0,,,
CORnet_Z,transfer,classify,0.001,3,VSD,17,absent,0,0,,,,
CORnet_Z,transfer,classify,0.001,3,VSD,2,both,597,655,0.9114503816793893,,,
CORnet_Z,transfer,classify,0.001,3,VSD,1,both,1203,1233,0.975669099756691,,,
CORnet_Z,transfer,classify,0.001,3,VSD,5,both,99,127,0.7795275590551181,,,
CORnet_Z,transfer,classify,0.001,3,VSD,3,both,313,355,0.8816901408450705,,,
CORnet_Z,transfer,classify,0.001,3,VSD,7,both,43,56,0.7678571428571429,,,
CORnet_Z,transfer,classify,0.001,3,VSD,10,both,23,29,0.7931034482758621,,,
CORnet_Z,transfer,classify,0.001,3,VSD,4,both,176,211,0.8341232227488151,,,
CORnet_Z,transfer,classify,0.001,3,VSD,6,both,71,84,0.8452380952380952,,,
CORnet_Z,transfer,classify,0.001,3,VSD,11,both,12,20,0.6,,,
CORnet_Z,transfer,classify,0.001,3,VSD,13,both,4,5,0.8,,,
CORnet_Z,transfer,classify,0.001,3,VSD,9,both,24,27,0.8888888888888888,,,
CORnet_Z,transfer,classify,0.001,3,VSD,14,both,5,5,1.0,,,
CORnet_Z,transfer,classify,0.001,3,VSD,8,both,35,43,0.813953488372093,,,
CORnet_Z,transfer,classify,0.001,3,VSD,20,both,3,3,1.0,,,
CORnet_Z,transfer,classify,0.001,3,VSD,12,both,10,11,0.9090909090909091,,,
CORnet_Z,transfer,classify,0.001,3,VSD,18,both,2,4,0.5,,,
CORnet_Z,transfer,classify,0.001,3,VSD,16,both,5,6,0.8333333333333334,,,
CORnet_Z,transfer,classify,0.001,3,VSD,22,both,1,1,1.0,,,
CORnet_Z,transfer,classify,0.001,3,VSD,15,both,2,3,0.6666666666666666,,,
CORnet_Z,transfer,classify,0.001,3,VSD,42,both,1,1,1.0,,,
CORnet_Z,transfer,classify,0.001,3,VSD,21,both,0,1,0.0,,,
CORnet_Z,transfer,classify,0.001,3,VSD,19,both,2,3,0.6666666666666666,,,
CORnet_Z,transfer,classify,0.001,3,VSD,17,both,1,1,1.0,,,
CORnet_Z,transfer,classify,0.001,4,VSD,2,present,10,56,0.17857142857142858,,,
CORnet_Z,transfer,classify,0.001,4,VSD,1,present,10,32,0.3125,,,
CORnet_Z,transfer,classify,0.001,4,VSD,5,present,13,35,0.37142857142857144,,,
CORnet_Z,transfer,classify,0.001,4,VSD,3,present,13,44,0.29545454545454547,,,
CORnet_Z,transfer,classify,0.001,4,VSD,7,present,12,19,0.631578947368421,,,
CORnet_Z,transfer,classify,0.001,4,VSD,10,present,2,7,0.2857142857142857,,,
CORnet_Z,transfer,classify,0.001,4,VSD,4,present,20,47,0.425531914893617,,,
CORnet_Z,transfer,classify,0.001,4,VSD,6,present,14,26,0.5384615384615384,,,
CORnet_Z,transfer,classify,0.001,4,VSD,11,present,3,10,0.3,,,
CORnet_Z,transfer,classify,0.001,4,VSD,13,present,1,2,0.5,,,
CORnet_Z,transfer,classify,0.001,4,VSD,9,present,5,8,0.625,,,
CORnet_Z,transfer,classify,0.001,4,VSD,14,present,0,0,,,,
CORnet_Z,transfer,classify,0.001,4,VSD,8,present,9,14,0.6428571428571429,,,
CORnet_Z,transfer,classify,0.001,4,VSD,20,present,1,1,1.0,,,
CORnet_Z,transfer,classify,0.001,4,VSD,12,present,2,3,0.6666666666666666,,,
CORnet_Z,transfer,classify,0.001,4,VSD,18,present,1,2,0.5,,,
CORnet_Z,transfer,classify,0.001,4,VSD,16,present,0,1,0.0,,,
CORnet_Z,transfer,classify,0.001,4,VSD,22,present,0,0,,,,
CORnet_Z,transfer,classify,0.001,4,VSD,15,present,0,1,0.0,,,
CORnet_Z,transfer,classify,0.001,4,VSD,42,present,0,0,,,,
CORnet_Z,transfer,classify,0.001,4,VSD,21,present,1,1,1.0,,,
CORnet_Z,transfer,classify,0.001,4,VSD,19,present,0,1,0.0,,,
CORnet_Z,transfer,classify,0.001,4,VSD,17,present,1,1,1.0,,,
CORnet_Z,transfer,classify,0.001,4,VSD,2,absent,578,599,0.9649415692821369,,,
CORnet_Z,transfer,classify,0.001,4,VSD,1,absent,1185,1201,0.9866777685262281,,,
CORnet_Z,transfer,classify,0.001,4,VSD,5,absent,85,92,0.9239130434782609,,,
CORnet_Z,transfer,classify,0.001,4,VSD,3,absent,297,311,0.954983922829582,,,
CORnet_Z,transfer,classify,0.001,4,VSD,7,absent,33,37,0.8918918918918919,,,
CORnet_Z,transfer,classify,0.001,4,VSD,10,absent,21,22,0.9545454545454546,,,
CORnet_Z,transfer,classify,0.001,4,VSD,4,absent,157,164,0.9573170731707317,,,
CORnet_Z,transfer,classify,0.001,4,VSD,6,absent,54,58,0.9310344827586207,,,
CORnet_Z,transfer,classify,0.001,4,VSD,11,absent,10,10,1.0,,,
CORnet_Z,transfer,classify,0.001,4,VSD,13,absent,3,3,1.0,,,
CORnet_Z,transfer,classify,0.001,4,VSD,9,absent,19,19,1.0,,,
CORnet_Z,transfer,classify,0.001,4,VSD,14,absent,5,5,1.0,,,
CORnet_Z,transfer,classify,0.001,4,VSD,8,absent,27,29,0.9310344827586207,,,
CORnet_Z,transfer,classify,0.001,4,VSD,20,absent,1,2,0.5,,,
CORnet_Z,transfer,classify,0.001,4,VSD,12,absent,8,8,1.0,,,
CORnet_Z,transfer,classify,0.001,4,VSD,18,absent,2,2,1.0,,,
CORnet_Z,transfer,classify,0.001,4,VSD,16,absent,5,5,1.0,,,
CORnet_Z,transfer,classify,0.001,4,VSD,22,absent,1,1,1.0,,,
CORnet_Z,transfer,classify,0.001,4,VSD,15,absent,2,2,1.0,,,
CORnet_Z,transfer,classify,0.001,4,VSD,42,absent,1,1,1.0,,,
CORnet_Z,transfer,classify,0.001,4,VSD,21,absent,0,0,,,,
CORnet_Z,transfer,classify,0.001,4,VSD,19,absent,2,2,1.0,,,
CORnet_Z,transfer,classify,0.001,4,VSD,17,absent,0,0,,,,
CORnet_Z,transfer,classify,0.001,4,VSD,2,both,588,655,0.8977099236641222,,,
CORnet_Z,transfer,classify,0.001,4,VSD,1,both,1195,1233,0.9691808596918086,,,
CORnet_Z,transfer,classify,0.001,4,VSD,5,both,98,127,0.7716535433070866,,,
CORnet_Z,transfer,classify,0.001,4,VSD,3,both,310,355,0.8732394366197183,,,
CORnet_Z,transfer,classify,0.001,4,VSD,7,both,45,56,0.8035714285714286,,,
CORnet_Z,transfer,classify,0.001,4,VSD,10,both,23,29,0.7931034482758621,,,
CORnet_Z,transfer,classify,0.001,4,VSD,4,both,177,211,0.8388625592417062,,,
CORnet_Z,transfer,classify,0.001,4,VSD,6,both,68,84,0.8095238095238095,,,
CORnet_Z,transfer,classify,0.001,4,VSD,11,both,13,20,0.65,,,
CORnet_Z,transfer,classify,0.001,4,VSD,13,both,4,5,0.8,,,
CORnet_Z,transfer,classify,0.001,4,VSD,9,both,24,27,0.8888888888888888,,,
CORnet_Z,transfer,classify,0.001,4,VSD,14,both,5,5,1.0,,,
CORnet_Z,transfer,classify,0.001,4,VSD,8,both,36,43,0.8372093023255814,,,
CORnet_Z,transfer,classify,0.001,4,VSD,20,both,2,3,0.6666666666666666,,,
CORnet_Z,transfer,classify,0.001,4,VSD,12,both,10,11,0.9090909090909091,,,
CORnet_Z,transfer,classify,0.001,4,VSD,18,both,3,4,0.75,,,
CORnet_Z,transfer,classify,0.001,4,VSD,16,both,5,6,0.8333333333333334,,,
CORnet_Z,transfer,classify,0.001,4,VSD,22,both,1,1,1.0,,,
CORnet_Z,transfer,classify,0.001,4,VSD,15,both,2,3,0.6666666666666666,,,
CORnet_Z,transfer,classify,0.001,4,VSD,42,both,1,1,1.0,,,
CORnet_Z,transfer,classify,0.001,4,VSD,21,both,1,1,1.0,,,
CORnet_Z,transfer,classify,0.001,4,VSD,19,both,2,3,0.6666666666666666,,,
CORnet_Z,transfer,classify,0.001,4,VSD,17,both,1,1,1.0,,,
CORnet_S,transfer,classify,0.001,1,VSD,2,present,17,56,0.30357142857142855,,,
CORnet_S,transfer,classify,0.001,1,VSD,1,present,18,32,0.5625,,,
CORnet_S,transfer,classify,0.001,1,VSD,5,present,16,35,0.45714285714285713,,,
CORnet_S,transfer,classify,0.001,1,VSD,3,present,20,44,0.45454545454545453,,,
CORnet_S,transfer,classify,0.001,1,VSD,7,present,13,19,0.6842105263157895,,,
CORnet_S,transfer,classify,0.001,1,VSD,10,present,2,7,0.2857142857142857,,,
CORnet_S,transfer,classify,0.001,1,VSD,4,present,25,47,0.5319148936170213,,,
CORnet_S,transfer,classify,0.001,1,VSD,6,present,14,26,0.5384615384615384,,,
CORnet_S,transfer,classify,0.001,1,VSD,11,present,5,10,0.5,,,
CORnet_S,transfer,classify,0.001,1,VSD,13,present,1,2,0.5,,,
CORnet_S,transfer,classify,0.001,1,VSD,9,present,5,8,0.625,,,
CORnet_S,transfer,classify,0.001,1,VSD,14,present,0,0,,,,
CORnet_S,transfer,classify,0.001,1,VSD,8,present,9,14,0.6428571428571429,,,
CORnet_S,transfer,classify,0.001,1,VSD,20,present,0,1,0.0,,,
CORnet_S,transfer,classify,0.001,1,VSD,12,present,1,3,0.3333333333333333,,,
CORnet_S,transfer,classify,0.001,1,VSD,18,present,1,2,0.5,,,
CORnet_S,transfer,classify,0.001,1,VSD,16,present,0,1,0.0,,,
CORnet_S,transfer,classify,0.001,1,VSD,22,present,0,0,,,,
CORnet_S,transfer,classify,0.001,1,VSD,15,present,0,1,0.0,,,
CORnet_S,transfer,classify,0.001,1,VSD,42,present,0,0,,,,
CORnet_S,transfer,classify,0.001,1,VSD,21,present,1,1,1.0,,,
CORnet_S,transfer,classify,0.001,1,VSD,19,present,0,1,0.0,,,
CORnet_S,transfer,classify,0.001,1,VSD,17,present,1,1,1.0,,,
CORnet_S,transfer,classify,0.001,1,VSD,2,absent,585,599,0.9766277128547579,,,
CORnet_S,transfer,classify,0.001,1,VSD,1,absent,1189,1201,0.9900083263946711,,,
CORnet_S,transfer,classify,0.001,1,VSD,5,absent,86,92,0.9347826086956522,,,
CORnet_S,transfer,classify,0.001,1,VSD,3,absent,301,311,0.9678456591639871,,,
CORnet_S,transfer,classify,0.001,1,VSD,7,absent,33,37,0.8918918918918919,,,
CORnet_S,transfer,classify,0.001,1,VSD,10,absent,21,22,0.9545454545454546,,,
CORnet_S,transfer,classify,0.001,1,VSD,4,absent,159,164,0.9695121951219512,,,
CORnet_S,transfer,classify,0.001,1,VSD,6,absent,55,58,0.9482758620689655,,,
CORnet_S,transfer,classify,0.001,1,VSD,11,absent,9,10,0.9,,,
CORnet_S,transfer,classify,0.001,1,VSD,13,absent,3,3,1.0,,,
CORnet_S,transfer,classify,0.001,1,VSD,9,absent,19,19,1.0,,,
CORnet_S,transfer,classify,0.001,1,VSD,14,absent,5,5,1.0,,,
CORnet_S,transfer,classify,0.001,1,VSD,8,absent,28,29,0.9655172413793104,,,
CORnet_S,transfer,classify,0.001,1,VSD,20,absent,2,2,1.0,,,
CORnet_S,transfer,classify,0.001,1,VSD,12,absent,8,8,1.0,,,
CORnet_S,transfer,classify,0.001,1,VSD,18,absent,2,2,1.0,,,
CORnet_S,transfer,classify,0.001,1,VSD,16,absent,5,5,1.0,,,
CORnet_S,transfer,classify,0.001,1,VSD,22,absent,1,1,1.0,,,
CORnet_S,transfer,classify,0.001,1,VSD,15,absent,2,2,1.0,,,
CORnet_S,transfer,classify,0.001,1,VSD,42,absent,1,1,1.0,,,
CORnet_S,transfer,classify,0.001,1,VSD,21,absent,0,0,,,,
CORnet_S,transfer,classify,0.001,1,VSD,19,absent,2,2,1.0,,,
CORnet_S,transfer,classify,0.001,1,VSD,17,absent,0,0,,,,
CORnet_S,transfer,classify,0.001,1,VSD,2,both,602,655,0.9190839694656489,,,
CORnet_S,transfer,classify,0.001,1,VSD,1,both,1207,1233,0.9789132197891321,,,
CORnet_S,transfer,classify,0.001,1,VSD,5,both,102,127,0.8031496062992126,,,
CORnet_S,transfer,classify,0.001,1,VSD,3,both,321,355,0.9042253521126761,,,
CORnet_S,transfer,classify,0.001,1,VSD,7,both,46,56,0.8214285714285714,,,
CORnet_S,transfer,classify,0.001,1,VSD,10,both,23,29,0.7931034482758621,,,
CORnet_S,transfer,classify,0.001,1,VSD,4,both,184,211,0.8720379146919431,,,
CORnet_S,transfer,classify,0.001,1,VSD,6,both,69,84,0.8214285714285714,,,
CORnet_S,transfer,classify,0.001,1,VSD,11,both,14,20,0.7,,,
CORnet_S,transfer,classify,0.001,1,VSD,13,both,4,5,0.8,,,
CORnet_S,transfer,classify,0.001,1,VSD,9,both,24,27,0.8888888888888888,,,
CORnet_S,transfer,classify,0.001,1,VSD,14,both,5,5,1.0,,,
CORnet_S,transfer,classify,0.001,1,VSD,8,both,37,43,0.8604651162790697,,,
CORnet_S,transfer,classify,0.001,1,VSD,20,both,2,3,0.6666666666666666,,,
CORnet_S,transfer,classify,0.001,1,VSD,12,both,9,11,0.8181818181818182,,,
CORnet_S,transfer,classify,0.001,1,VSD,18,both,3,4,0.75,,,
CORnet_S,transfer,classify,0.001,1,VSD,16,both,5,6,0.8333333333333334,,,
CORnet_S,transfer,classify,0.001,1,VSD,22,both,1,1,1.0,,,
CORnet_S,transfer,classify,0.001,1,VSD,15,both,2,3,0.6666666666666666,,,
CORnet_S,transfer,classify,0.001,1,VSD,42,both,1,1,1.0,,,
CORnet_S,transfer,classify,0.001,1,VSD,21,both,1,1,1.0,,,
CORnet_S,transfer,classify,0.001,1,VSD,19,both,2,3,0.6666666666666666,,,
CORnet_S,transfer,classify,0.001,1,VSD,17,both,1,1,1.0,,,
CORnet_S,transfer,classify,0.001,2,VSD,2,present,22,56,0.39285714285714285,,,
CORnet_S,transfer,classify,0.001,2,VSD,1,present,18,32,0.5625,,,
CORnet_S,transfer,classify,0.001,2,VSD,5,present,15,35,0.42857142857142855,,,
CORnet_S,transfer,classify,0.001,2,VSD,3,present,19,44,0.4318181818181818,,,
CORnet_S,transfer,classify,0.001,2,VSD,7,present,14,19,0.7368421052631579,,,
CORnet_S,transfer,classify,0.001,2,VSD,10,present,3,7,0.42857142857142855,,,
CORnet_S,transfer,classify,0.001,2,VSD,4,present,25,47,0.5319148936170213,,,
CORnet_S,transfer,classify,0.001,2,VSD,6,present,14,26,0.5384615384615384,,,
CORnet_S,transfer,classify,0.001,2,VSD,11,present,5,10,0.5,,,
CORnet_S,transfer,classify,0.001,2,VSD,13,present,1,2,0.5,,,
CORnet_S,transfer,classify,0.001,2,VSD,9,present,5,8,0.625,,,
CORnet_S,transfer,classify,0.001,2,VSD,14,present,0,0,,,,
CORnet_S,transfer,classify,0.001,2,VSD,8,present,11,14,0.7857142857142857,,,
CORnet_S,transfer,classify,0.001,2,VSD,20,present,0,1,0.0,,,
CORnet_S,transfer,classify,0.001,2,VSD,12,present,2,3,0.6666666666666666,,,
CORnet_S,transfer,classify,0.001,2,VSD,18,present,2,2,1.0,,,
CORnet_S,transfer,classify,0.001,2,VSD,16,present,0,1,0.0,,,
CORnet_S,transfer,classify,0.001,2,VSD,22,present,0,0,,,,
CORnet_S,transfer,classify,0.001,2,VSD,15,present,0,1,0.0,,,
CORnet_S,transfer,classify,0.001,2,VSD,42,present,0,0,,,,
CORnet_S,transfer,classify,0.001,2,VSD,21,present,1,1,1.0,,,
CORnet_S,transfer,classify,0.001,2,VSD,19,present,0,1,0.0,,,
CORnet_S,transfer,classify,0.001,2,VSD,17,present,1,1,1.0,,,
CORnet_S,transfer,classify,0.001,2,VSD,2,absent,581,599,0.9699499165275459,,,
CORnet_S,transfer,classify,0.001,2,VSD,1,absent,1188,1201,0.9891756869275604,,,
CORnet_S,transfer,classify,0.001,2,VSD,5,absent,85,92,0.9239130434782609,,,
CORnet_S,transfer,classify,0.001,2,VSD,3,absent,296,311,0.9517684887459807,,,
CORnet_S,transfer,classify,0.001,2,VSD,7,absent,32,37,0.8648648648648649,,,
CORnet_S,transfer,classify,0.001,2,VSD,10,absent,22,22,1.0,,,
CORnet_S,transfer,classify,0.001,2,VSD,4,absent,159,164,0.9695121951219512,,,
CORnet_S,transfer,classify,0.001,2,VSD,6,absent,53,58,0.9137931034482759,,,
CORnet_S,transfer,classify,0.001,2,VSD,11,absent,9,10,0.9,,,
CORnet_S,transfer,classify,0.001,2,VSD,13,absent,3,3,1.0,,,
CORnet_S,transfer,classify,0.001,2,VSD,9,absent,19,19,1.0,,,
CORnet_S,transfer,classify,0.001,2,VSD,14,absent,5,5,1.0,,,
CORnet_S,transfer,classify,0.001,2,VSD,8,absent,28,29,0.9655172413793104,,,
CORnet_S,transfer,classify,0.001,2,VSD,20,absent,2,2,1.0,,,
CORnet_S,transfer,classify,0.001,2,VSD,12,absent,8,8,1.0,,,
CORnet_S,transfer,classify,0.001,2,VSD,18,absent,2,2,1.0,,,
CORnet_S,transfer,classify,0.001,2,VSD,16,absent,4,5,0.8,,,
CORnet_S,transfer,classify,0.001,2,VSD,22,absent,1,1,1.0,,,
CORnet_S,transfer,classify,0.001,2,VSD,15,absent,2,2,1.0,,,
CORnet_S,transfer,classify,0.001,2,VSD,42,absent,1,1,1.0,,,
CORnet_S,transfer,classify,0.001,2,VSD,21,absent,0,0,,,,
CORnet_S,transfer,classify,0.001,2,VSD,19,absent,2,2,1.0,,,
CORnet_S,transfer,classify,0.001,2,VSD,17,absent,0,0,,,,
CORnet_S,transfer,classify,0.001,2,VSD,2,both,603,655,0.9206106870229007,,,
CORnet_S,transfer,classify,0.001,2,VSD,1,both,1206,1233,0.9781021897810219,,,
CORnet_S,transfer,classify,0.001,2,VSD,5,both,100,127,0.7874015748031497,,,
CORnet_S,transfer,classify,0.001,2,VSD,3,both,315,355,0.8873239436619719,,,
CORnet_S,transfer,classify,0.001,2,VSD,7,both,46,56,0.8214285714285714,,,
CORnet_S,transfer,classify,0.001,2,VSD,10,both,25,29,0.8620689655172413,,,
CORnet_S,transfer,classify,0.001,2,VSD,4,both,184,211,0.8720379146919431,,,
CORnet_S,transfer,classify,0.001,2,VSD,6,both,67,84,0.7976190476190477,,,
CORnet_S,transfer,classify,0.001,2,VSD,11,both,14,20,0.7,,,
CORnet_S,transfer,classify,0.001,2,VSD,13,both,4,5,0.8,,,
CORnet_S,transfer,classify,0.001,2,VSD,9,both,24,27,0.8888888888888888,,,
CORnet_S,transfer,classify,0.001,2,VSD,14,both,5,5,1.0,,,
CORnet_S,transfer,classify,0.001,2,VSD,8,both,39,43,0.9069767441860465,,,
CORnet_S,transfer,classify,0.001,2,VSD,20,both,2,3,0.6666666666666666,,,
CORnet_S,transfer,classify,0.001,2,VSD,12,both,10,11,0.9090909090909091,,,
CORnet_S,transfer,classify,0.001,2,VSD,18,both,4,4,1.0,,,
CORnet_S,transfer,classify,0.001,2,VSD,16,both,4,6,0.6666666666666666,,,
CORnet_S,transfer,classify,0.001,2,VSD,22,both,1,1,1.0,,,
CORnet_S,transfer,classify,0.001,2,VSD,15,both,2,3,0.6666666666666666,,,
CORnet_S,transfer,classify,0.001,2,VSD,42,both,1,1,1.0,,,
CORnet_S,transfer,classify,0.001,2,VSD,21,both,1,1,1.0,,,
CORnet_S,transfer,classify,0.001,2,VSD,19,both,2,3,0.6666666666666666,,,
CORnet_S,transfer,classify,0.001,2,VSD,17,both,1,1,1.0,,,
CORnet_S,transfer,classify,0.001,3,VSD,2,present,16,56,0.2857142857142857,,,
CORnet_S,transfer,classify,0.001,3,VSD,1,present,12,32,0.375,,,
CORnet_S,transfer,classify,0.001,3,VSD,5,present,13,35,0.37142857142857144,,,
CORnet_S,transfer,classify,0.001,3,VSD,3,present,16,44,0.36363636363636365,,,
CORnet_S,transfer,classify,0.001,3,VSD,7,present,13,19,0.6842105263157895,,,
CORnet_S,transfer,classify,0.001,3,VSD,10,present,1,7,0.14285714285714285,,,
CORnet_S,transfer,classify,0.001,3,VSD,4,present,23,47,0.48936170212765956,,,
CORnet_S,transfer,classify,0.001,3,VSD,6,present,13,26,0.5,,,
CORnet_S,transfer,classify,0.001,3,VSD,11,present,4,10,0.4,,,
CORnet_S,transfer,classify,0.001,3,VSD,13,present,1,2,0.5,,,
CORnet_S,transfer,classify,0.001,3,VSD,9,present,5,8,0.625,,,
CORnet_S,transfer,classify,0.001,3,VSD,14,present,0,0,,,,
CORnet_S,transfer,classify,0.001,3,VSD,8,present,8,14,0.5714285714285714,,,
CORnet_S,transfer,classify,0.001,3,VSD,20,present,0,1,0.0,,,
CORnet_S,transfer,classify,0.001,3,VSD,12,present,1,3,0.3333333333333333,,,
CORnet_S,transfer,classify,0.001,3,VSD,18,present,1,2,0.5,,,
CORnet_S,transfer,classify,0.001,3,VSD,16,present,0,1,0.0,,,
CORnet_S,transfer,classify,0.001,3,VSD,22,present,0,0,,,,
CORnet_S,transfer,classify,0.001,3,VSD,15,present,0,1,0.0,,,
CORnet_S,transfer,classify,0.001,3,VSD,42,present,0,0,,,,
CORnet_S,transfer,classify,0.001,3,VSD,21,present,1,1,1.0,,,
CORnet_S,transfer,classify,0.001,3,VSD,19,present,0,1,0.0,,,
CORnet_S,transfer,classify,0.001,3,VSD,17,present,1,1,1.0,,,
CORnet_S,transfer,classify,0.001,3,VSD,2,absent,589,599,0.9833055091819699,,,
CORnet_S,transfer,classify,0.001,3,VSD,1,absent,1199,1201,0.9983347210657785,,,
CORnet_S,transfer,classify,0.001,3,VSD,5,absent,88,92,0.9565217391304348,,,
CORnet_S,transfer,classify,0.001,3,VSD,3,absent,303,311,0.9742765273311897,,,
CORnet_S,transfer,classify,0.001,3,VSD,7,absent,36,37,0.972972972972973,,,
CORnet_S,transfer,classify,0.001,3,VSD,10,absent,22,22,1.0,,,
CORnet_S,transfer,classify,0.001,3,VSD,4,absent,162,164,0.9878048780487805,,,
CORnet_S,transfer,classify,0.001,3,VSD,6,absent,56,58,0.9655172413793104,,,
CORnet_S,transfer,classify,0.001,3,VSD,11,absent,9,10,0.9,,,
CORnet_S,transfer,classify,0.001,3,VSD,13,absent,3,3,1.0,,,
CORnet_S,transfer,classify,0.001,3,VSD,9,absent,19,19,1.0,,,
CORnet_S,transfer,classify,0.001,3,VSD,14,absent,5,5,1.0,,,
CORnet_S,transfer,classify,0.001,3,VSD,8,absent,29,29,1.0,,,
CORnet_S,transfer,classify,0.001,3,VSD,20,absent,2,2,1.0,,,
CORnet_S,transfer,classify,0.001,3,VSD,12,absent,8,8,1.0,,,
CORnet_S,transfer,classify,0.001,3,VSD,18,absent,2,2,1.0,,,
CORnet_S,transfer,classify,0.001,3,VSD,16,absent,5,5,1.0,,,
CORnet_S,transfer,classify,0.001,3,VSD,22,absent,1,1,1.0,,,
CORnet_S,transfer,classify,0.001,3,VSD,15,absent,2,2,1.0,,,
CORnet_S,transfer,classify,0.001,3,VSD,42,absent,1,1,1.0,,,
CORnet_S,transfer,classify,0.001,3,VSD,21,absent,0,0,,,,
CORnet_S,transfer,classify,0.001,3,VSD,19,absent,2,2,1.0,,,
CORnet_S,transfer,classify,0.001,3,VSD,17,absent,0,0,,,,
CORnet_S,transfer,classify,0.001,3,VSD,2,both,605,655,0.9236641221374046,,,
CORnet_S,transfer,classify,0.001,3,VSD,1,both,1211,1233,0.9821573398215734,,,
CORnet_S,transfer,classify,0.001,3,VSD,5,both,101,127,0.7952755905511811,,,
CORnet_S,transfer,classify,0.001,3,VSD,3,both,319,355,0.8985915492957747,,,
CORnet_S,transfer,classify,0.001,3,VSD,7,both,49,56,0.875,,,
CORnet_S,transfer,classify,0.001,3,VSD,10,both,23,29,0.7931034482758621,,,
CORnet_S,transfer,classify,0.001,3,VSD,4,both,185,211,0.8767772511848341,,,
CORnet_S,transfer,classify,0.001,3,VSD,6,both,69,84,0.8214285714285714,,,
CORnet_S,transfer,classify,0.001,3,VSD,11,both,13,20,0.65,,,
CORnet_S,transfer,classify,0.001,3,VSD,13,both,4,5,0.8,,,
CORnet_S,transfer,classify,0.001,3,VSD,9,both,24,27,0.8888888888888888,,,
CORnet_S,transfer,classify,0.001,3,VSD,14,both,5,5,1.0,,,
CORnet_S,transfer,classify,0.001,3,VSD,8,both,37,43,0.8604651162790697,,,
CORnet_S,transfer,classify,0.001,3,VSD,20,both,2,3,0.6666666666666666,,,
CORnet_S,transfer,classify,0.001,3,VSD,12,both,9,11,0.8181818181818182,,,
CORnet_S,transfer,classify,0.001,3,VSD,18,both,3,4,0.75,,,
CORnet_S,transfer,classify,0.001,3,VSD,16,both,5,6,0.8333333333333334,,,
CORnet_S,transfer,classify,0.001,3,VSD,22,both,1,1,1.0,,,
CORnet_S,transfer,classify,0.001,3,VSD,15,both,2,3,0.6666666666666666,,,
CORnet_S,transfer,classify,0.001,3,VSD,42,both,1,1,1.0,,,
CORnet_S,transfer,classify,0.001,3,VSD,21,both,1,1,1.0,,,
CORnet_S,transfer,classify,0.001,3,VSD,19,both,2,3,0.6666666666666666,,,
CORnet_S,transfer,classify,0.001,3,VSD,17,both,1,1,1.0,,,
CORnet_S,transfer,classify,0.001,4,VSD,2,present,22,56,0.39285714285714285,,,
CORnet_S,transfer,classify,0.001,4,VSD,1,present,19,32,0.59375,,,
CORnet_S,transfer,classify,0.001,4,VSD,5,present,16,35,0.45714285714285713,,,
CORnet_S,transfer,classify,0.001,4,VSD,3,present,25,44,0.5681818181818182,,,
CORnet_S,transfer,classify,0.001,4,VSD,7,present,14,19,0.7368421052631579,,,
CORnet_S,transfer,classify,0.001,4,VSD,10,present,3,7,0.42857142857142855,,,
CORnet_S,transfer,classify,0.001,4,VSD,4,present,26,47,0.5531914893617021,,,
CORnet_S,transfer,classify,0.001,4,VSD,6,present,15,26,0.5769230769230769,,,
CORnet_S,transfer,classify,0.001,4,VSD,11,present,6,10,0.6,,,
CORnet_S,transfer,classify,0.001,4,VSD,13,present,1,2,0.5,,,
CORnet_S,transfer,classify,0.001,4,VSD,9,present,5,8,0.625,,,
CORnet_S,transfer,classify,0.001,4,VSD,14,present,0,0,,,,
CORnet_S,transfer,classify,0.001,4,VSD,8,present,11,14,0.7857142857142857,,,
CORnet_S,transfer,classify,0.001,4,VSD,20,present,0,1,0.0,,,
CORnet_S,transfer,classify,0.001,4,VSD,12,present,1,3,0.3333333333333333,,,
CORnet_S,transfer,classify,0.001,4,VSD,18,present,2,2,1.0,,,
CORnet_S,transfer,classify,0.001,4,VSD,16,present,0,1,0.0,,,
CORnet_S,transfer,classify,0.001,4,VSD,22,present,0,0,,,,
CORnet_S,transfer,classify,0.001,4,VSD,15,present,0,1,0.0,,,
CORnet_S,transfer,classify,0.001,4,VSD,42,present,0,0,,,,
CORnet_S,transfer,classify,0.001,4,VSD,21,present,1,1,1.0,,,
CORnet_S,transfer,classify,0.001,4,VSD,19,present,0,1,0.0,,,
CORnet_S,transfer,classify,0.001,4,VSD,17,present,1,1,1.0,,,
CORnet_S,transfer,classify,0.001,4,VSD,2,absent,578,599,0.9649415692821369,,,
CORnet_S,transfer,classify,0.001,4,VSD,1,absent,1182,1201,0.984179850124896,,,
CORnet_S,transfer,classify,0.001,4,VSD,5,absent,84,92,0.9130434782608695,,,
CORnet_S,transfer,classify,0.001,4,VSD,3,absent,294,311,0.9453376205787781,,,
CORnet_S,transfer,classify,0.001,4,VSD,7,absent,33,37,0.8918918918918919,,,
CORnet_S,transfer,classify,0.001,4,VSD,10,absent,21,22,0.9545454545454546,,,
CORnet_S,transfer,classify,0.001,4,VSD,4,absent,158,164,0.9634146341463414,,,
CORnet_S,transfer,classify,0.001,4,VSD,6,absent,53,58,0.9137931034482759,,,
CORnet_S,transfer,classify,0.001,4,VSD,11,absent,9,10,0.9,,,
CORnet_S,transfer,classify,0.001,4,VSD,13,absent,3,3,1.0,,,
CORnet_S,transfer,classify,0.001,4,VSD,9,absent,19,19,1.0,,,
CORnet_S,transfer,classify,0.001,4,VSD,14,absent,5,5,1.0,,,
CORnet_S,transfer,classify,0.001,4,VSD,8,absent,27,29,0.9310344827586207,,,
CORnet_S,transfer,classify,0.001,4,VSD,20,absent,2,2,1.0,,,
CORnet_S,transfer,classify,0.001,4,VSD,12,absent,8,8,1.0,,,
CORnet_S,transfer,classify,0.001,4,VSD,18,absent,2,2,1.0,,,
CORnet_S,transfer,classify,0.001,4,VSD,16,absent,4,5,0.8,,,
CORnet_S,transfer,classify,0.001,4,VSD,22,absent,1,1,1.0,,,
CORnet_S,transfer,classify,0.001,4,VSD,15,absent,2,2,1.0,,,
CORnet_S,transfer,classify,0.001,4,VSD,42,absent,1,1,1.0,,,
CORnet_S,transfer,classify,0.001,4,VSD,21,absent,0,0,,,,
CORnet_S,transfer,classify,0.001,4,VSD,19,absent,2,2,1.0,,,
CORnet_S,transfer,classify,0.001,4,VSD,17,absent,0,0,,,,
CORnet_S,transfer,classify,0.001,4,VSD,2,both,600,655,0.916030534351145,,,
CORnet_S,transfer,classify,0.001,4,VSD,1,both,1201,1233,0.9740470397404704,,,
CORnet_S,transfer,classify,0.001,4,VSD,5,both,100,127,0.7874015748031497,,,
CORnet_S,transfer,classify,0.001,4,VSD,3,both,319,355,0.8985915492957747,,,
CORnet_S,transfer,classify,0.001,4,VSD,7,both,47,56,0.8392857142857143,,,
CORnet_S,transfer,classify,0.001,4,VSD,10,both,24,29,0.8275862068965517,,,
CORnet_S,transfer,classify,0.001,4,VSD,4,both,184,211,0.8720379146919431,,,
CORnet_S,transfer,classify,0.001,4,VSD,6,both,68,84,0.8095238095238095,,,
CORnet_S,transfer,classify,0.001,4,VSD,11,both,15,20,0.75,,,
CORnet_S,transfer,classify,0.001,4,VSD,13,both,4,5,0.8,,,
CORnet_S,transfer,classify,0.001,4,VSD,9,both,24,27,0.8888888888888888,,,
CORnet_S,transfer,classify,0.001,4,VSD,14,both,5,5,1.0,,,
CORnet_S,transfer,classify,0.001,4,VSD,8,both,38,43,0.8837209302325582,,,
CORnet_S,transfer,classify,0.001,4,VSD,20,both,2,3,0.6666666666666666,,,
CORnet_S,transfer,classify,0.001,4,VSD,12,both,9,11,0.8181818181818182,,,
CORnet_S,transfer,classify,0.001,4,VSD,18,both,4,4,1.0,,,
CORnet_S,transfer,classify,0.001,4,VSD,16,both,4,6,0.6666666666666666,,,
CORnet_S,transfer,classify,0.001,4,VSD,22,both,1,1,1.0,,,
CORnet_S,transfer,classify,0.001,4,VSD,15,both,2,3,0.6666666666666666,,,
CORnet_S,transfer,classify,0.001,4,VSD,42,both,1,1,1.0,,,
CORnet_S,transfer,classify,0.001,4,VSD,21,both,1,1,1.0,,,
CORnet_S,transfer,classify,0.001,4,VSD,19,both,2,3,0.6666666666666666,,,
CORnet_S,transfer,classify,0.001,4,VSD,17,both,1,1,1.0,,,
