method,mode,loss_func,net_name,replicate,vsd_score_bin,acc,n_trials,pred
initialize,classify,CE-largest,CORnet_S,1,0.0,0.5394277739009072,1433,0.5337844089120826
initialize,classify,CE-largest,CORnet_S,1,1.0,0.39855072463768115,276,0.42135672097656673
initialize,classify,CE-largest,CORnet_S,1,2.0,0.44,25,0.30892903304105096
initialize,classify,CE-largest,CORnet_S,1,3.0,0.16666666666666666,6,0.19650134510553519
initialize,classify,CE-largest,CORnet_S,1,4.0,0.0,4,0.08407365717001936
transfer,classify,CE-largest,CORnet_S,1,0.0,0.8534542916957432,1433,0.9296219090385023
transfer,classify,CE-largest,CORnet_S,1,1.0,0.7028985507246377,276,0.7924462387612893
transfer,classify,CE-largest,CORnet_S,1,2.0,0.72,25,0.6552705684840763
transfer,classify,CE-largest,CORnet_S,1,3.0,0.5,6,0.5180948982068632
transfer,classify,CE-largest,CORnet_S,1,4.0,0.5,4,0.38091922792965016
transfer,classify,CE-random,CORnet_S,1,0.0,0.8367062107466853,1433,0.6904367623410907
transfer,classify,CE-random,CORnet_S,1,1.0,0.6485507246376812,276,0.6367440747089822
transfer,classify,CE-random,CORnet_S,1,2.0,0.68,25,0.5830513870768737
transfer,classify,CE-random,CORnet_S,1,3.0,0.5,6,0.5293586994447652
transfer,classify,CE-random,CORnet_S,1,4.0,0.25,4,0.47566601181265666
initialize,classify,CE-largest,CORnet_S,2,0.0,0.4724354501046755,1433,0.5434584079209523
initialize,classify,CE-largest,CORnet_S,2,1.0,0.34057971014492755,276,0.4310307199854365
initialize,classify,CE-largest,CORnet_S,2,2.0,0.28,25,0.31860303204992074
initialize,classify,CE-largest,CORnet_S,2,3.0,0.5,6,0.20617534411440497
initialize,classify,CE-largest,CORnet_S,2,4.0,0.0,4,0.09374765617888914
transfer,classify,CE-largest,CORnet_S,2,0.0,0.840195394277739,1433,0.8283324483954817
transfer,classify,CE-largest,CORnet_S,2,1.0,0.6630434782608695,276,0.6911567781182687
transfer,classify,CE-largest,CORnet_S,2,2.0,0.6,25,0.5539811078410557
transfer,classify,CE-largest,CORnet_S,2,3.0,0.6666666666666666,6,0.4168054375638426
transfer,classify,CE-largest,CORnet_S,2,4.0,0.0,4,0.2796297672866296
transfer,classify,CE-random,CORnet_S,2,0.0,0.8325191905094208,1433,0.8454544307574058
transfer,classify,CE-random,CORnet_S,2,1.0,0.6811594202898551,276,0.7917617431252972
transfer,classify,CE-random,CORnet_S,2,2.0,0.76,25,0.7380690554931888
transfer,classify,CE-random,CORnet_S,2,3.0,0.6666666666666666,6,0.6843763678610802
transfer,classify,CE-random,CORnet_S,2,4.0,0.75,4,0.6306836802289717
initialize,classify,CE-largest,CORnet_S,3,0.0,0.531751570132589,1433,0.5815245304772594
initialize,classify,CE-largest,CORnet_S,3,1.0,0.39492753623188404,276,0.4690968425417436
initialize,classify,CE-largest,CORnet_S,3,2.0,0.44,25,0.35666915460622783
initialize,classify,CE-largest,CORnet_S,3,3.0,0.16666666666666666,6,0.244241466670712
initialize,classify,CE-largest,CORnet_S,3,4.0,0.25,4,0.13181377873519617
transfer,classify,CE-largest,CORnet_S,3,0.0,0.8597348220516399,1433,0.8590519281531599
transfer,classify,CE-largest,CORnet_S,3,1.0,0.7137681159420289,276,0.7218762578759468
transfer,classify,CE-largest,CORnet_S,3,2.0,0.6,25,0.5847005875987338
transfer,classify,CE-largest,CORnet_S,3,3.0,0.5,6,0.4475249173215208
transfer,classify,CE-largest,CORnet_S,3,4.0,0.25,4,0.3103492470443078
transfer,classify,CE-random,CORnet_S,3,0.0,0.8387997208653175,1433,0.8161598121909035
transfer,classify,CE-random,CORnet_S,3,1.0,0.6884057971014492,276,0.762467124558795
transfer,classify,CE-random,CORnet_S,3,2.0,0.6,25,0.7087744369266864
transfer,classify,CE-random,CORnet_S,3,3.0,0.6666666666666666,6,0.655081749294578
transfer,classify,CE-random,CORnet_S,3,4.0,0.75,4,0.6013890616624694
initialize,classify,CE-largest,CORnet_S,4,0.0,0.4898813677599442,1433,0.5137012146404117
initialize,classify,CE-largest,CORnet_S,4,1.0,0.38768115942028986,276,0.4012735267048959
initialize,classify,CE-largest,CORnet_S,4,2.0,0.4,25,0.28884583876938014
initialize,classify,CE-largest,CORnet_S,4,3.0,0.16666666666666666,6,0.17641815083386436
initialize,classify,CE-largest,CORnet_S,4,4.0,0.0,4,0.06399046289834853
transfer,classify,CE-largest,CORnet_S,4,0.0,0.8569434752267969,1433,0.8831023544403654
transfer,classify,CE-largest,CORnet_S,4,1.0,0.7101449275362319,276,0.7459266841631524
transfer,classify,CE-largest,CORnet_S,4,2.0,0.56,25,0.6087510138859393
transfer,classify,CE-largest,CORnet_S,4,3.0,0.6666666666666666,6,0.4715753436087263
transfer,classify,CE-largest,CORnet_S,4,4.0,0.25,4,0.3343996733315133
transfer,classify,CE-random,CORnet_S,4,0.0,0.7899511514305653,1433,0.7027379243909101
transfer,classify,CE-random,CORnet_S,4,1.0,0.6268115942028986,276,0.6490452367588015
transfer,classify,CE-random,CORnet_S,4,2.0,0.56,25,0.5953525491266931
transfer,classify,CE-random,CORnet_S,4,3.0,0.5,6,0.5416598614945846
transfer,classify,CE-random,CORnet_S,4,4.0,0.5,4,0.487967173862476
initialize,classify,CE-largest,CORnet_S,5,0.0,0.5087229588276343,1433,0.5566579386510512
initialize,classify,CE-largest,CORnet_S,5,1.0,0.33695652173913043,276,0.4442302507155354
initialize,classify,CE-largest,CORnet_S,5,2.0,0.48,25,0.3318025627800196
initialize,classify,CE-largest,CORnet_S,5,3.0,0.3333333333333333,6,0.2193748748445038
initialize,classify,CE-largest,CORnet_S,5,4.0,0.0,4,0.10694718690898797
transfer,classify,CE-largest,CORnet_S,5,0.0,0.8597348220516399,1433,0.8612548267038848
transfer,classify,CE-largest,CORnet_S,5,1.0,0.6847826086956522,276,0.7240791564266718
transfer,classify,CE-largest,CORnet_S,5,2.0,0.64,25,0.5869034861494588
transfer,classify,CE-largest,CORnet_S,5,3.0,0.5,6,0.44972781587224564
transfer,classify,CE-largest,CORnet_S,5,4.0,0.25,4,0.31255214559503264
transfer,classify,CE-random,CORnet_S,5,0.0,0.8415910676901605,1433,0.6942543134399303
transfer,classify,CE-random,CORnet_S,5,1.0,0.6594202898550725,276,0.6405616258078217
transfer,classify,CE-random,CORnet_S,5,2.0,0.6,25,0.5868689381757133
transfer,classify,CE-random,CORnet_S,5,3.0,0.3333333333333333,6,0.5331762505436047
transfer,classify,CE-random,CORnet_S,5,4.0,0.5,4,0.4794835629114962
initialize,classify,CE-largest,CORnet_S,6,0.0,0.5184926727145848,1433,0.5288437654864122
initialize,classify,CE-largest,CORnet_S,6,1.0,0.43478260869565216,276,0.4164160775508964
initialize,classify,CE-largest,CORnet_S,6,2.0,0.4,25,0.3039883896153806
initialize,classify,CE-largest,CORnet_S,6,3.0,0.16666666666666666,6,0.19156070167986483
initialize,classify,CE-largest,CORnet_S,6,4.0,0.0,4,0.079133013744349
transfer,classify,CE-largest,CORnet_S,6,0.0,0.8695045359385903,1433,0.8826870303508401
transfer,classify,CE-largest,CORnet_S,6,1.0,0.7355072463768116,276,0.7455113600736271
transfer,classify,CE-largest,CORnet_S,6,2.0,0.52,25,0.6083356897964141
transfer,classify,CE-largest,CORnet_S,6,3.0,0.6666666666666666,6,0.47116001951920095
transfer,classify,CE-largest,CORnet_S,6,4.0,0.25,4,0.33398434924198794
transfer,classify,CE-random,CORnet_S,6,0.0,0.7983251919050942,1433,0.7812533121959606
transfer,classify,CE-random,CORnet_S,6,1.0,0.6376811594202898,276,0.7275606245638521
transfer,classify,CE-random,CORnet_S,6,2.0,0.6,25,0.6738679369317435
transfer,classify,CE-random,CORnet_S,6,3.0,0.3333333333333333,6,0.6201752492996351
transfer,classify,CE-random,CORnet_S,6,4.0,1.0,4,0.5664825616675265
initialize,classify,CE-largest,CORnet_S,7,0.0,0.5331472435450104,1433,0.5121804767539467
initialize,classify,CE-largest,CORnet_S,7,1.0,0.37681159420289856,276,0.3997527888184309
initialize,classify,CE-largest,CORnet_S,7,2.0,0.36,25,0.2873251008829151
initialize,classify,CE-largest,CORnet_S,7,3.0,0.16666666666666666,6,0.1748974129473993
initialize,classify,CE-largest,CORnet_S,7,4.0,0.0,4,0.06246972501188347
transfer,classify,CE-largest,CORnet_S,7,0.0,0.8527564549895325,1433,0.8380330663349413
transfer,classify,CE-largest,CORnet_S,7,1.0,0.6956521739130435,276,0.7008573960577283
transfer,classify,CE-largest,CORnet_S,7,2.0,0.52,25,0.5636817257805153
transfer,classify,CE-largest,CORnet_S,7,3.0,0.5,6,0.42650605550330223
transfer,classify,CE-largest,CORnet_S,7,4.0,0.25,4,0.2893303852260892
transfer,classify,CE-random,CORnet_S,7,0.0,0.8073970690858339,1433,0.7496763832842825
transfer,classify,CE-random,CORnet_S,7,1.0,0.6340579710144928,276,0.695983695652174
transfer,classify,CE-random,CORnet_S,7,2.0,0.52,25,0.6422910080200654
transfer,classify,CE-random,CORnet_S,7,3.0,0.5,6,0.5885983203879569
transfer,classify,CE-random,CORnet_S,7,4.0,0.75,4,0.5349056327558483
initialize,classify,CE-largest,CORnet_S,8,0.0,0.5191905094207956,1433,0.544258695146495
initialize,classify,CE-largest,CORnet_S,8,1.0,0.4311594202898551,276,0.4318310072109792
initialize,classify,CE-largest,CORnet_S,8,2.0,0.48,25,0.31940331927546345
initialize,classify,CE-largest,CORnet_S,8,3.0,0.16666666666666666,6,0.20697563133994767
initialize,classify,CE-largest,CORnet_S,8,4.0,0.0,4,0.09454794340443184
transfer,classify,CE-largest,CORnet_S,8,0.0,0.8171667829727843,1433,0.7983064362794179
transfer,classify,CE-largest,CORnet_S,8,1.0,0.6159420289855072,276,0.6611307660022049
transfer,classify,CE-largest,CORnet_S,8,2.0,0.52,25,0.5239550957249919
transfer,classify,CE-largest,CORnet_S,8,3.0,0.6666666666666666,6,0.38677942544777877
transfer,classify,CE-largest,CORnet_S,8,4.0,0.0,4,0.24960375517056577
transfer,classify,CE-random,CORnet_S,8,0.0,0.7955338450802513,1433,0.7380283761643253
transfer,classify,CE-random,CORnet_S,8,1.0,0.6376811594202898,276,0.6843356885322167
transfer,classify,CE-random,CORnet_S,8,2.0,0.72,25,0.6306430009001083
transfer,classify,CE-random,CORnet_S,8,3.0,0.5,6,0.5769503132679997
transfer,classify,CE-random,CORnet_S,8,4.0,0.5,4,0.5232576256358912
initialize,classify,CE-largest,CORnet_Z,1,0.0,0.47592463363572923,1433,0.4971596124477886
initialize,classify,CE-largest,CORnet_Z,1,1.0,0.3115942028985507,276,0.38799835654398895
initialize,classify,CE-largest,CORnet_Z,1,2.0,0.44,25,0.2788371006401893
initialize,classify,CE-largest,CORnet_Z,1,3.0,0.16666666666666666,6,0.16967584473638964
initialize,classify,CE-largest,CORnet_Z,1,4.0,0.0,4,0.06051458883258998
transfer,classify,CE-largest,CORnet_Z,1,0.0,0.6127006280530356,1433,0.6438880958160139
transfer,classify,CE-largest,CORnet_Z,1,1.0,0.48188405797101447,276,0.4960691831770787
transfer,classify,CE-largest,CORnet_Z,1,2.0,0.48,25,0.3482502705381435
transfer,classify,CE-largest,CORnet_Z,1,3.0,0.16666666666666666,6,0.2004313578992083
transfer,classify,CE-largest,CORnet_Z,1,4.0,0.0,4,0.05261244526027309
transfer,classify,CE-random,CORnet_Z,1,0.0,0.6147941381716678,1433,0.6642329434549996
transfer,classify,CE-random,CORnet_Z,1,1.0,0.4927536231884058,276,0.5742045811968406
transfer,classify,CE-random,CORnet_Z,1,2.0,0.48,25,0.48417621893868146
transfer,classify,CE-random,CORnet_Z,1,3.0,0.3333333333333333,6,0.39414785668052243
transfer,classify,CE-random,CORnet_Z,1,4.0,0.5,4,0.30411949442236336
initialize,classify,CE-largest,CORnet_Z,2,0.0,0.49127704117236565,1433,0.5291576301870001
initialize,classify,CE-largest,CORnet_Z,2,1.0,0.3695652173913043,276,0.41999637428320047
initialize,classify,CE-largest,CORnet_Z,2,2.0,0.36,25,0.3108351183794008
initialize,classify,CE-largest,CORnet_Z,2,3.0,0.3333333333333333,6,0.20167386247560115
initialize,classify,CE-largest,CORnet_Z,2,4.0,0.0,4,0.09251260657180149
transfer,classify,CE-largest,CORnet_Z,2,0.0,0.6259595254710397,1433,0.6987137883430932
transfer,classify,CE-largest,CORnet_Z,2,1.0,0.4927536231884058,276,0.550894875704158
transfer,classify,CE-largest,CORnet_Z,2,2.0,0.48,25,0.40307596306522275
transfer,classify,CE-largest,CORnet_Z,2,3.0,0.16666666666666666,6,0.25525705042628755
transfer,classify,CE-largest,CORnet_Z,2,4.0,0.25,4,0.10743813778735234
transfer,classify,CE-random,CORnet_Z,2,0.0,0.6231681786461968,1433,0.626081664593384
transfer,classify,CE-random,CORnet_Z,2,1.0,0.5036231884057971,276,0.536053302335225
transfer,classify,CE-random,CORnet_Z,2,2.0,0.52,25,0.44602494007706583
transfer,classify,CE-random,CORnet_Z,2,3.0,0.3333333333333333,6,0.3559965778189068
transfer,classify,CE-random,CORnet_Z,2,4.0,0.25,4,0.26596821556074773
initialize,classify,CE-largest,CORnet_Z,3,0.0,0.5163991625959525,1433,0.5117182863557753
initialize,classify,CE-largest,CORnet_Z,3,1.0,0.42391304347826086,276,0.40255703045197566
initialize,classify,CE-largest,CORnet_Z,3,2.0,0.36,25,0.293395774548176
initialize,classify,CE-largest,CORnet_Z,3,3.0,0.16666666666666666,6,0.18423451864437634
initialize,classify,CE-largest,CORnet_Z,3,4.0,0.0,4,0.07507326274057669
transfer,classify,CE-largest,CORnet_Z,3,0.0,0.5959525471039777,1433,0.6318138419450428
transfer,classify,CE-largest,CORnet_Z,3,1.0,0.4782608695652174,276,0.4839949293061075
transfer,classify,CE-largest,CORnet_Z,3,2.0,0.44,25,0.3361760166671723
transfer,classify,CE-largest,CORnet_Z,3,3.0,0.16666666666666666,6,0.18835710402823708
transfer,classify,CE-largest,CORnet_Z,3,4.0,0.0,4,0.040538191389301925
transfer,classify,CE-random,CORnet_Z,3,0.0,0.6154919748778785,1433,0.599937728187546
transfer,classify,CE-random,CORnet_Z,3,1.0,0.5072463768115942,276,0.5099093659293868
transfer,classify,CE-random,CORnet_Z,3,2.0,0.56,25,0.4198810036712278
transfer,classify,CE-random,CORnet_Z,3,3.0,0.16666666666666666,6,0.32985264141306875
transfer,classify,CE-random,CORnet_Z,3,4.0,0.25,4,0.23982427915490967
initialize,classify,CE-largest,CORnet_Z,4,0.0,0.5163991625959525,1433,0.5574284312833115
initialize,classify,CE-largest,CORnet_Z,4,1.0,0.4057971014492754,276,0.4482671753795119
initialize,classify,CE-largest,CORnet_Z,4,2.0,0.44,25,0.3391059194757122
initialize,classify,CE-largest,CORnet_Z,4,3.0,0.3333333333333333,6,0.22994466357191257
initialize,classify,CE-largest,CORnet_Z,4,4.0,0.0,4,0.12078340766811291
transfer,classify,CE-largest,CORnet_Z,4,0.0,0.5994417306350314,1433,0.6477870409700941
transfer,classify,CE-largest,CORnet_Z,4,1.0,0.4746376811594203,276,0.4999681283311589
transfer,classify,CE-largest,CORnet_Z,4,2.0,0.52,25,0.3521492156922237
transfer,classify,CE-largest,CORnet_Z,4,3.0,0.16666666666666666,6,0.20433030305328848
transfer,classify,CE-largest,CORnet_Z,4,4.0,0.0,4,0.05651139041435327
transfer,classify,CE-random,CORnet_Z,4,0.0,0.6245638520586183,1433,0.6654622485512305
transfer,classify,CE-random,CORnet_Z,4,1.0,0.4891304347826087,276,0.5754338862930715
transfer,classify,CE-random,CORnet_Z,4,2.0,0.48,25,0.48540552403491233
transfer,classify,CE-random,CORnet_Z,4,3.0,0.3333333333333333,6,0.3953771617767533
transfer,classify,CE-random,CORnet_Z,4,4.0,0.5,4,0.3053487995185942
initialize,classify,CE-largest,CORnet_Z,5,0.0,0.5010467550593162,1433,0.5369376599209119
initialize,classify,CE-largest,CORnet_Z,5,1.0,0.358695652173913,276,0.42777640401711226
initialize,classify,CE-largest,CORnet_Z,5,2.0,0.4,25,0.3186151481133126
initialize,classify,CE-largest,CORnet_Z,5,3.0,0.3333333333333333,6,0.20945389220951294
initialize,classify,CE-largest,CORnet_Z,5,4.0,0.0,4,0.10029263630571328
transfer,classify,CE-largest,CORnet_Z,5,0.0,0.6378227494766224,1433,0.6438110708253689
transfer,classify,CE-largest,CORnet_Z,5,1.0,0.4963768115942029,276,0.4959921581864337
transfer,classify,CE-largest,CORnet_Z,5,2.0,0.44,25,0.3481732455474985
transfer,classify,CE-largest,CORnet_Z,5,3.0,0.16666666666666666,6,0.2003543329085633
transfer,classify,CE-largest,CORnet_Z,5,4.0,0.0,4,0.0525354202696281
transfer,classify,CE-random,CORnet_Z,5,0.0,0.5910676901605024,1433,0.5218064944324767
transfer,classify,CE-random,CORnet_Z,5,1.0,0.47101449275362317,276,0.43177813217431765
transfer,classify,CE-random,CORnet_Z,5,2.0,0.48,25,0.3417497699161586
transfer,classify,CE-random,CORnet_Z,5,3.0,0.16666666666666666,6,0.25172140765799955
transfer,classify,CE-random,CORnet_Z,5,4.0,0.0,4,0.16169304539984042
initialize,classify,CE-largest,CORnet_Z,6,0.0,0.5233775296580601,1433,0.5167661336812404
initialize,classify,CE-largest,CORnet_Z,6,1.0,0.40217391304347827,276,0.4076048777774407
initialize,classify,CE-largest,CORnet_Z,6,2.0,0.4,25,0.29844362187364104
initialize,classify,CE-largest,CORnet_Z,6,3.0,0.16666666666666666,6,0.18928236596984138
initialize,classify,CE-largest,CORnet_Z,6,4.0,0.0,4,0.08012111006604172
transfer,classify,CE-largest,CORnet_Z,6,0.0,0.6238660153524075,1433,0.642497984870091
transfer,classify,CE-largest,CORnet_Z,6,1.0,0.463768115942029,276,0.4946790722311558
transfer,classify,CE-largest,CORnet_Z,6,2.0,0.48,25,0.3468601595922206
transfer,classify,CE-largest,CORnet_Z,6,3.0,0.16666666666666666,6,0.1990412469532854
transfer,classify,CE-largest,CORnet_Z,6,4.0,0.0,4,0.05122233431435019
transfer,classify,CE-random,CORnet_Z,6,0.0,0.5819958129797628,1433,0.6134993653731404
transfer,classify,CE-random,CORnet_Z,6,1.0,0.48188405797101447,276,0.5234710031149814
transfer,classify,CE-random,CORnet_Z,6,2.0,0.52,25,0.43344264085682227
transfer,classify,CE-random,CORnet_Z,6,3.0,0.3333333333333333,6,0.34341427859866325
transfer,classify,CE-random,CORnet_Z,6,4.0,0.25,4,0.25338591634050417
initialize,classify,CE-largest,CORnet_Z,7,0.0,0.5003489183531054,1433,0.535348817217351
initialize,classify,CE-largest,CORnet_Z,7,1.0,0.35144927536231885,276,0.4261875613135513
initialize,classify,CE-largest,CORnet_Z,7,2.0,0.4,25,0.31702630540975163
initialize,classify,CE-largest,CORnet_Z,7,3.0,0.3333333333333333,6,0.20786504950595197
initialize,classify,CE-largest,CORnet_Z,7,4.0,0.0,4,0.09870379360215231
transfer,classify,CE-largest,CORnet_Z,7,0.0,0.6133984647592463,1433,0.6534769385195748
transfer,classify,CE-largest,CORnet_Z,7,1.0,0.4891304347826087,276,0.5056580258806396
transfer,classify,CE-largest,CORnet_Z,7,2.0,0.52,25,0.35783911324170437
transfer,classify,CE-largest,CORnet_Z,7,3.0,0.16666666666666666,6,0.21002020060276916
transfer,classify,CE-largest,CORnet_Z,7,4.0,0.0,4,0.06220128796383395
transfer,classify,CE-random,CORnet_Z,7,0.0,0.6231681786461968,1433,0.5948932587962823
transfer,classify,CE-random,CORnet_Z,7,1.0,0.47101449275362317,276,0.5048648965381233
transfer,classify,CE-random,CORnet_Z,7,2.0,0.48,25,0.41483653427996425
transfer,classify,CE-random,CORnet_Z,7,3.0,0.5,6,0.3248081720218052
transfer,classify,CE-random,CORnet_Z,7,4.0,0.0,4,0.2347798097636461
initialize,classify,CE-largest,CORnet_Z,8,0.0,0.44312630844382417,1433,0.5137303821920163
initialize,classify,CE-largest,CORnet_Z,8,1.0,0.34057971014492755,276,0.4045691262882166
initialize,classify,CE-largest,CORnet_Z,8,2.0,0.36,25,0.29540787038441696
initialize,classify,CE-largest,CORnet_Z,8,3.0,0.3333333333333333,6,0.1862466144806173
initialize,classify,CE-largest,CORnet_Z,8,4.0,0.0,4,0.07708535857681764
transfer,classify,CE-largest,CORnet_Z,8,0.0,0.5945568736915562,1433,0.638810069581399
transfer,classify,CE-largest,CORnet_Z,8,1.0,0.4746376811594203,276,0.49099115694246376
transfer,classify,CE-largest,CORnet_Z,8,2.0,0.48,25,0.34317224430352855
transfer,classify,CE-largest,CORnet_Z,8,3.0,0.16666666666666666,6,0.19535333166459334
transfer,classify,CE-largest,CORnet_Z,8,4.0,0.0,4,0.04753441902565814
transfer,classify,CE-random,CORnet_Z,8,0.0,0.6113049546406141,1433,0.6178829328357455
transfer,classify,CE-random,CORnet_Z,8,1.0,0.5144927536231884,276,0.5278545705775864
transfer,classify,CE-random,CORnet_Z,8,2.0,0.48,25,0.4378262083194273
transfer,classify,CE-random,CORnet_Z,8,3.0,0.3333333333333333,6,0.3477978460612683
transfer,classify,CE-random,CORnet_Z,8,4.0,0.25,4,0.2577694838031092
initialize,classify,CE-largest,VGG16,1,0.0,0.4026517794836008,1433,0.4247379699019995
initialize,classify,CE-largest,VGG16,1,1.0,0.26811594202898553,276,0.33611242376892514
initialize,classify,CE-largest,VGG16,1,2.0,0.4,25,0.24748687763585073
initialize,classify,CE-largest,VGG16,1,3.0,0.16666666666666666,6,0.15886133150277632
initialize,classify,CE-largest,VGG16,1,4.0,0.0,4,0.07023578536970193
transfer,classify,CE-largest,VGG16,1,0.0,0.8988136775994418,1433,0.8734657402631553
transfer,classify,CE-largest,VGG16,1,1.0,0.7681159420289855,276,0.7880924987610871
transfer,classify,CE-largest,VGG16,1,2.0,0.68,25,0.702719257259019
transfer,classify,CE-largest,VGG16,1,3.0,0.6666666666666666,6,0.6173460157569508
transfer,classify,CE-largest,VGG16,1,4.0,0.5,4,0.5319727742548827
transfer,classify,CE-random,VGG16,1,0.0,0.8883461270062806,1433,0.8428651304145554
transfer,classify,CE-random,VGG16,1,1.0,0.7608695652173914,276,0.8166874677629782
transfer,classify,CE-random,VGG16,1,2.0,0.72,25,0.7905098051114011
transfer,classify,CE-random,VGG16,1,3.0,0.8333333333333334,6,0.764332142459824
transfer,classify,CE-random,VGG16,1,4.0,0.75,4,0.7381544798082469
initialize,classify,CE-largest,VGG16,2,0.0,0.38799720865317516,1433,0.42180705573591454
initialize,classify,CE-largest,VGG16,2,1.0,0.26811594202898553,276,0.33318150960284015
initialize,classify,CE-largest,VGG16,2,2.0,0.4,25,0.24455596346976574
initialize,classify,CE-largest,VGG16,2,3.0,0.16666666666666666,6,0.15593041733669133
initialize,classify,CE-largest,VGG16,2,4.0,0.0,4,0.06730487120361694
transfer,classify,CE-largest,VGG16,2,0.0,0.8932309839497558,1433,0.9005810855911893
transfer,classify,CE-largest,VGG16,2,1.0,0.782608695652174,276,0.8152078440891212
transfer,classify,CE-largest,VGG16,2,2.0,0.64,25,0.729834602587053
transfer,classify,CE-largest,VGG16,2,3.0,0.8333333333333334,6,0.6444613610849849
transfer,classify,CE-largest,VGG16,2,4.0,0.5,4,0.5590881195829167
transfer,classify,CE-random,VGG16,2,0.0,0.886950453593859,1433,0.8077454160219262
transfer,classify,CE-random,VGG16,2,1.0,0.75,276,0.781567753370349
transfer,classify,CE-random,VGG16,2,2.0,0.64,25,0.755390090718772
transfer,classify,CE-random,VGG16,2,3.0,0.5,6,0.7292124280671948
transfer,classify,CE-random,VGG16,2,4.0,1.0,4,0.7030347654156177
initialize,classify,CE-largest,VGG16,3,0.0,0.38939288206559663,1433,0.42411517592564496
initialize,classify,CE-largest,VGG16,3,1.0,0.3115942028985507,276,0.3354896297925706
initialize,classify,CE-largest,VGG16,3,2.0,0.2,25,0.2468640836594962
initialize,classify,CE-largest,VGG16,3,3.0,0.3333333333333333,6,0.1582385375264218
initialize,classify,CE-largest,VGG16,3,4.0,0.0,4,0.06961299139334742
transfer,classify,CE-largest,VGG16,3,0.0,0.8967201674808095,1433,0.9100035599785591
transfer,classify,CE-largest,VGG16,3,1.0,0.7862318840579711,276,0.8246303184764909
transfer,classify,CE-largest,VGG16,3,2.0,0.68,25,0.7392570769744228
transfer,classify,CE-largest,VGG16,3,3.0,0.8333333333333334,6,0.6538838354723546
transfer,classify,CE-largest,VGG16,3,4.0,0.5,4,0.5685105939702865
transfer,classify,CE-random,VGG16,3,0.0,0.8981158408932309,1433,0.8171668992789016
transfer,classify,CE-random,VGG16,3,1.0,0.782608695652174,276,0.7909892366273246
transfer,classify,CE-random,VGG16,3,2.0,0.56,25,0.7648115739757474
transfer,classify,CE-random,VGG16,3,3.0,0.8333333333333334,6,0.7386339113241703
transfer,classify,CE-random,VGG16,3,4.0,0.75,4,0.7124562486725932
initialize,classify,CE-largest,VGG16,4,0.0,0.44173063503140264,1433,0.42090156709851645
initialize,classify,CE-largest,VGG16,4,1.0,0.2898550724637681,276,0.33227602096544206
initialize,classify,CE-largest,VGG16,4,2.0,0.32,25,0.24365047483236765
initialize,classify,CE-largest,VGG16,4,3.0,0.16666666666666666,6,0.15502492869929324
initialize,classify,CE-largest,VGG16,4,4.0,0.0,4,0.06639938256621886
transfer,classify,CE-largest,VGG16,4,0.0,0.8918353105373342,1433,0.9126497769956613
transfer,classify,CE-largest,VGG16,4,1.0,0.8043478260869565,276,0.8272765354935931
transfer,classify,CE-largest,VGG16,4,2.0,0.68,25,0.741903293991525
transfer,classify,CE-largest,VGG16,4,3.0,0.8333333333333334,6,0.6565300524894568
transfer,classify,CE-largest,VGG16,4,4.0,0.5,4,0.5711568109873887
transfer,classify,CE-random,VGG16,4,0.0,0.8778785764131193,1433,0.8436411855133148
transfer,classify,CE-random,VGG16,4,1.0,0.7318840579710145,276,0.8174635228617376
transfer,classify,CE-random,VGG16,4,2.0,0.68,25,0.7912858602101606
transfer,classify,CE-random,VGG16,4,3.0,0.6666666666666666,6,0.7651081975585834
transfer,classify,CE-random,VGG16,4,4.0,1.0,4,0.7389305349070063
initialize,classify,CE-largest,VGG16,5,0.0,0.3859036985345429,1433,0.4040260348716082
initialize,classify,CE-largest,VGG16,5,1.0,0.3079710144927536,276,0.31540048873853377
initialize,classify,CE-largest,VGG16,5,2.0,0.44,25,0.22677494260545938
initialize,classify,CE-largest,VGG16,5,3.0,0.0,6,0.138149396472385
initialize,classify,CE-largest,VGG16,5,4.0,0.0,4,0.049523850339310616
transfer,classify,CE-largest,VGG16,5,0.0,0.889741800418702,1433,0.8607528141023695
transfer,classify,CE-largest,VGG16,5,1.0,0.7536231884057971,276,0.7753795726003013
transfer,classify,CE-largest,VGG16,5,2.0,0.64,25,0.6900063310982332
transfer,classify,CE-largest,VGG16,5,3.0,0.6666666666666666,6,0.604633089596165
transfer,classify,CE-largest,VGG16,5,4.0,0.5,4,0.5192598480940969
transfer,classify,CE-random,VGG16,5,0.0,0.8855547801814375,1433,0.7936981653974128
transfer,classify,CE-random,VGG16,5,1.0,0.7644927536231884,276,0.7675205027458357
transfer,classify,CE-random,VGG16,5,2.0,0.64,25,0.7413428400942585
transfer,classify,CE-random,VGG16,5,3.0,0.6666666666666666,6,0.7151651774426815
transfer,classify,CE-random,VGG16,5,4.0,0.75,4,0.6889875147911043
initialize,classify,CE-largest,VGG16,6,0.0,0.42219120725750175,1433,0.415515420674171
initialize,classify,CE-largest,VGG16,6,1.0,0.322463768115942,276,0.32688987454109664
initialize,classify,CE-largest,VGG16,6,2.0,0.28,25,0.23826432840802222
initialize,classify,CE-largest,VGG16,6,3.0,0.16666666666666666,6,0.1496387822749478
initialize,classify,CE-largest,VGG16,6,4.0,0.0,4,0.06101323614187343
transfer,classify,CE-largest,VGG16,6,0.0,0.8918353105373342,1433,0.8959541248217484
transfer,classify,CE-largest,VGG16,6,1.0,0.7608695652173914,276,0.8105808833196803
transfer,classify,CE-largest,VGG16,6,2.0,0.64,25,0.7252076418176121
transfer,classify,CE-largest,VGG16,6,3.0,0.8333333333333334,6,0.639834400315544
transfer,classify,CE-largest,VGG16,6,4.0,0.5,4,0.5544611588134758
transfer,classify,CE-random,VGG16,6,0.0,0.886950453593859,1433,0.7453686044277233
transfer,classify,CE-random,VGG16,6,1.0,0.7681159420289855,276,0.7191909417761462
transfer,classify,CE-random,VGG16,6,2.0,0.56,25,0.6930132791245691
transfer,classify,CE-random,VGG16,6,3.0,0.5,6,0.6668356164729919
transfer,classify,CE-random,VGG16,6,4.0,0.75,4,0.6406579538214149
initialize,classify,CE-largest,VGG16,7,0.0,0.1465457083042568,1433,0.321226900593667
initialize,classify,CE-largest,VGG16,7,1.0,0.16666666666666666,276,0.23260135446059255
initialize,classify,CE-largest,VGG16,7,2.0,0.24,25,0.14397580832751816
initialize,classify,CE-largest,VGG16,7,3.0,0.16666666666666666,6,0.05535026219444372
initialize,classify,CE-largest,VGG16,7,4.0,0.0,4,-0.03327528393863066
transfer,classify,CE-largest,VGG16,7,0.0,0.881367759944173,1433,0.8242664118045655
transfer,classify,CE-largest,VGG16,7,1.0,0.7862318840579711,276,0.7388931703024973
transfer,classify,CE-largest,VGG16,7,2.0,0.6,25,0.6535199288004292
transfer,classify,CE-largest,VGG16,7,3.0,0.5,6,0.568146687298361
transfer,classify,CE-largest,VGG16,7,4.0,0.5,4,0.4827734457962929
transfer,classify,CE-random,VGG16,7,0.0,0.8799720865317515,1433,0.7577990179718235
transfer,classify,CE-random,VGG16,7,1.0,0.7572463768115942,276,0.7316213553202463
transfer,classify,CE-random,VGG16,7,2.0,0.64,25,0.7054436926686692
transfer,classify,CE-random,VGG16,7,3.0,0.5,6,0.6792660300170921
transfer,classify,CE-random,VGG16,7,4.0,0.75,4,0.653088367365515
initialize,classify,CE-largest,VGG16,8,0.0,0.4305652477320307,1433,0.3809583447111058
initialize,classify,CE-largest,VGG16,8,1.0,0.3079710144927536,276,0.2923327985780314
initialize,classify,CE-largest,VGG16,8,2.0,0.28,25,0.203707252444957
initialize,classify,CE-largest,VGG16,8,3.0,0.0,6,0.11508170631188258
initialize,classify,CE-largest,VGG16,8,4.0,0.0,4,0.026456160178808197
transfer,classify,CE-largest,VGG16,8,0.0,0.8960223307745987,1433,0.8170234129271721
transfer,classify,CE-largest,VGG16,8,1.0,0.7753623188405797,276,0.7316501714251039
transfer,classify,CE-largest,VGG16,8,2.0,0.56,25,0.6462769299230358
transfer,classify,CE-largest,VGG16,8,3.0,0.5,6,0.5609036884209676
transfer,classify,CE-largest,VGG16,8,4.0,0.5,4,0.47553044691889945
transfer,classify,CE-random,VGG16,8,0.0,0.8904396371249128,1433,0.801225861423789
transfer,classify,CE-random,VGG16,8,1.0,0.7572463768115942,276,0.7750481987722119
transfer,classify,CE-random,VGG16,8,2.0,0.68,25,0.7488705361206348
transfer,classify,CE-random,VGG16,8,3.0,0.6666666666666666,6,0.7226928734690576
transfer,classify,CE-random,VGG16,8,4.0,0.75,4,0.6965152108174806
initialize,classify,CE-largest,alexnet,1,0.0,0.4319609211444522,1433,0.4203111517339725
initialize,classify,CE-largest,alexnet,1,1.0,0.32971014492753625,276,0.33098934914085176
initialize,classify,CE-largest,alexnet,1,2.0,0.28,25,0.241667546547731
initialize,classify,CE-largest,alexnet,1,3.0,0.16666666666666666,6,0.15234574395461026
initialize,classify,CE-largest,alexnet,1,4.0,0.0,4,0.06302394136148953
transfer,classify,CE-largest,alexnet,1,0.0,0.7320307048150733,1433,0.7583924876361543
transfer,classify,CE-largest,alexnet,1,1.0,0.5978260869565217,276,0.6848485896619035
transfer,classify,CE-largest,alexnet,1,2.0,0.56,25,0.6113046916876528
transfer,classify,CE-largest,alexnet,1,3.0,0.6666666666666666,6,0.5377607937134019
transfer,classify,CE-largest,alexnet,1,4.0,0.5,4,0.46421689573915115
transfer,classify,CE-random,alexnet,1,0.0,0.7264480111653873,1433,0.6752439798942121
transfer,classify,CE-random,alexnet,1,1.0,0.5543478260869565,276,0.605034907005674
transfer,classify,CE-random,alexnet,1,2.0,0.56,25,0.5348258341171357
transfer,classify,CE-random,alexnet,1,3.0,0.3333333333333333,6,0.4646167612285975
transfer,classify,CE-random,alexnet,1,4.0,0.5,4,0.3944076883400593
initialize,classify,CE-largest,alexnet,2,0.0,0.4047452896022331,1433,0.44823034426610847
initialize,classify,CE-largest,alexnet,2,1.0,0.2898550724637681,276,0.35890854167298775
initialize,classify,CE-largest,alexnet,2,2.0,0.32,25,0.26958673907986697
initialize,classify,CE-largest,alexnet,2,3.0,0.3333333333333333,6,0.18026493648674624
initialize,classify,CE-largest,alexnet,2,4.0,0.0,4,0.09094313389362552
transfer,classify,CE-largest,alexnet,2,0.0,0.7501744591765527,1433,0.783093702276566
transfer,classify,CE-largest,alexnet,2,1.0,0.6231884057971014,276,0.7095498043023153
transfer,classify,CE-largest,alexnet,2,2.0,0.64,25,0.6360059063280645
transfer,classify,CE-largest,alexnet,2,3.0,0.6666666666666666,6,0.5624620083538137
transfer,classify,CE-largest,alexnet,2,4.0,0.5,4,0.4889181103795629
transfer,classify,CE-random,alexnet,2,0.0,0.7257501744591766,1433,0.7287855719732599
transfer,classify,CE-random,alexnet,2,1.0,0.5760869565217391,276,0.6585764990847217
transfer,classify,CE-random,alexnet,2,2.0,0.64,25,0.5883674261961834
transfer,classify,CE-random,alexnet,2,3.0,0.5,6,0.5181583533076453
transfer,classify,CE-random,alexnet,2,4.0,0.5,4,0.44794928041910703
initialize,classify,CE-largest,alexnet,3,0.0,0.4200976971388695,1433,0.46648923157053696
initialize,classify,CE-largest,alexnet,3,1.0,0.322463768115942,276,0.37716742897741623
initialize,classify,CE-largest,alexnet,3,2.0,0.28,25,0.2878456263842955
initialize,classify,CE-largest,alexnet,3,3.0,0.16666666666666666,6,0.19852382379117472
initialize,classify,CE-largest,alexnet,3,4.0,0.25,4,0.109202021198054
transfer,classify,CE-largest,alexnet,3,0.0,0.7480809490579204,1433,0.7253706524267522
transfer,classify,CE-largest,alexnet,3,1.0,0.5833333333333334,276,0.6518267544525015
transfer,classify,CE-largest,alexnet,3,2.0,0.56,25,0.5782828564782507
transfer,classify,CE-largest,alexnet,3,3.0,0.5,6,0.504738958504
transfer,classify,CE-largest,alexnet,3,4.0,0.5,4,0.43119506052974915
transfer,classify,CE-random,alexnet,3,0.0,0.7341242149337055,1433,0.6673589307928033
transfer,classify,CE-random,alexnet,3,1.0,0.5905797101449275,276,0.5971498579042651
transfer,classify,CE-random,alexnet,3,2.0,0.56,25,0.5269407850157268
transfer,classify,CE-random,alexnet,3,3.0,0.5,6,0.45673171212718866
transfer,classify,CE-random,alexnet,3,4.0,0.25,4,0.38652263923865043
initialize,classify,CE-largest,alexnet,4,0.0,0.41311933007676205,1433,0.4252674712015938
initialize,classify,CE-largest,alexnet,4,1.0,0.3333333333333333,276,0.3359456686084731
initialize,classify,CE-largest,alexnet,4,2.0,0.32,25,0.24662386601535233
initialize,classify,CE-largest,alexnet,4,3.0,0.16666666666666666,6,0.15730206342223158
initialize,classify,CE-largest,alexnet,4,4.0,0.0,4,0.06798026082911085
transfer,classify,CE-largest,alexnet,4,0.0,0.7271458478715981,1433,0.655241603203981
transfer,classify,CE-largest,alexnet,4,1.0,0.5869565217391305,276,0.5816977052297302
transfer,classify,CE-largest,alexnet,4,2.0,0.56,25,0.5081538072554794
transfer,classify,CE-largest,alexnet,4,3.0,0.6666666666666666,6,0.43460990928122856
transfer,classify,CE-largest,alexnet,4,4.0,0.0,4,0.3610660113069778
transfer,classify,CE-random,alexnet,4,0.0,0.7110956036287509,1433,0.6548111795463052
transfer,classify,CE-random,alexnet,4,1.0,0.5942028985507246,276,0.584602106657767
transfer,classify,CE-random,alexnet,4,2.0,0.6,25,0.5143930337692287
transfer,classify,CE-random,alexnet,4,3.0,0.6666666666666666,6,0.44418396088069056
transfer,classify,CE-random,alexnet,4,4.0,0.0,4,0.37397488799215234
initialize,classify,CE-largest,alexnet,5,0.0,0.42847173761339846,1433,0.3977872280712399
initialize,classify,CE-largest,alexnet,5,1.0,0.34057971014492755,276,0.30846542547811917
initialize,classify,CE-largest,alexnet,5,2.0,0.16,25,0.21914362288499845
initialize,classify,CE-largest,alexnet,5,3.0,0.16666666666666666,6,0.12982182029187772
initialize,classify,CE-largest,alexnet,5,4.0,0.0,4,0.040500017698756996
transfer,classify,CE-largest,alexnet,5,0.0,0.7445917655268667,1433,0.6210496273147446
transfer,classify,CE-largest,alexnet,5,1.0,0.5652173913043478,276,0.5475057293404937
transfer,classify,CE-largest,alexnet,5,2.0,0.56,25,0.4739618313662429
transfer,classify,CE-largest,alexnet,5,3.0,0.5,6,0.40041793339199216
transfer,classify,CE-largest,alexnet,5,4.0,0.0,4,0.3268740354177414
transfer,classify,CE-random,alexnet,5,0.0,0.7341242149337055,1433,0.7348082061551221
transfer,classify,CE-random,alexnet,5,1.0,0.5978260869565217,276,0.6645991332665839
transfer,classify,CE-random,alexnet,5,2.0,0.64,25,0.5943900603780456
transfer,classify,CE-random,alexnet,5,3.0,0.5,6,0.5241809874895075
transfer,classify,CE-random,alexnet,5,4.0,0.5,4,0.4539719146009693
initialize,classify,CE-largest,alexnet,6,0.0,0.418702023726448,1433,0.397311546163415
initialize,classify,CE-largest,alexnet,6,1.0,0.3079710144927536,276,0.3079897435702943
initialize,classify,CE-largest,alexnet,6,2.0,0.2,25,0.21866794097717354
initialize,classify,CE-largest,alexnet,6,3.0,0.16666666666666666,6,0.1293461383840528
initialize,classify,CE-largest,alexnet,6,4.0,0.0,4,0.040024335790932064
transfer,classify,CE-largest,alexnet,6,0.0,0.7536636427076064,1433,0.7590669013016172
transfer,classify,CE-largest,alexnet,6,1.0,0.6195652173913043,276,0.6855230033273665
transfer,classify,CE-largest,alexnet,6,2.0,0.52,25,0.6119791053531156
transfer,classify,CE-largest,alexnet,6,3.0,0.6666666666666666,6,0.5384352073788649
transfer,classify,CE-largest,alexnet,6,4.0,0.5,4,0.4648913094046141
transfer,classify,CE-random,alexnet,6,0.0,0.7138869504535938,1433,0.732847709780839
transfer,classify,CE-random,alexnet,6,1.0,0.5615942028985508,276,0.6626386368923008
transfer,classify,CE-random,alexnet,6,2.0,0.52,25,0.5924295640037626
transfer,classify,CE-random,alexnet,6,3.0,0.6666666666666666,6,0.5222204911152244
transfer,classify,CE-random,alexnet,6,4.0,0.5,4,0.45201141822668617
initialize,classify,CE-largest,alexnet,7,0.0,0.4277739009071877,1433,0.4187201244981137
initialize,classify,CE-largest,alexnet,7,1.0,0.36594202898550726,276,0.32939832190499296
initialize,classify,CE-largest,alexnet,7,2.0,0.24,25,0.2400765193118722
initialize,classify,CE-largest,alexnet,7,3.0,0.16666666666666666,6,0.15075471671875146
initialize,classify,CE-largest,alexnet,7,4.0,0.0,4,0.06143291412563073
transfer,classify,CE-largest,alexnet,7,0.0,0.7348220516399162,1433,0.6972695975808327
transfer,classify,CE-largest,alexnet,7,1.0,0.5760869565217391,276,0.623725699606582
transfer,classify,CE-largest,alexnet,7,2.0,0.44,25,0.5501818016323312
transfer,classify,CE-largest,alexnet,7,3.0,0.5,6,0.47663790365808034
transfer,classify,CE-largest,alexnet,7,4.0,0.5,4,0.4030940056838296
transfer,classify,CE-random,alexnet,7,0.0,0.735519888346127,1433,0.7698119785187658
transfer,classify,CE-random,alexnet,7,1.0,0.6014492753623188,276,0.6996029056302276
transfer,classify,CE-random,alexnet,7,2.0,0.56,25,0.6293938327416895
transfer,classify,CE-random,alexnet,7,3.0,0.5,6,0.5591847598531512
transfer,classify,CE-random,alexnet,7,4.0,0.75,4,0.488975686964613
initialize,classify,CE-largest,alexnet,8,0.0,0.4124214933705513,1433,0.45338877342556905
initialize,classify,CE-largest,alexnet,8,1.0,0.3079710144927536,276,0.3640669708324483
initialize,classify,CE-largest,alexnet,8,2.0,0.32,25,0.2747451682393276
initialize,classify,CE-largest,alexnet,8,3.0,0.3333333333333333,6,0.18542336564620682
initialize,classify,CE-largest,alexnet,8,4.0,0.0,4,0.09610156305308609
transfer,classify,CE-largest,alexnet,8,0.0,0.7222609909281228,1433,0.7020327477573147
transfer,classify,CE-largest,alexnet,8,1.0,0.572463768115942,276,0.628488849783064
transfer,classify,CE-largest,alexnet,8,2.0,0.48,25,0.5549449518088132
transfer,classify,CE-largest,alexnet,8,3.0,0.5,6,0.48140105383456233
transfer,classify,CE-largest,alexnet,8,4.0,0.5,4,0.40785715586031157
transfer,classify,CE-random,alexnet,8,0.0,0.7201674808094906,1433,0.6754661346925979
transfer,classify,CE-random,alexnet,8,1.0,0.605072463768116,276,0.6052570618040597
transfer,classify,CE-random,alexnet,8,2.0,0.6,25,0.5350479889155214
transfer,classify,CE-random,alexnet,8,3.0,0.5,6,0.46483891602698324
transfer,classify,CE-random,alexnet,8,4.0,0.25,4,0.394629843138445
initialize,classify,BCE,CORnet_S,1,0.0,0.14939364142903966,2034,0.13794535949202924
initialize,classify,BCE,CORnet_S,1,1.0,0.1508174386920981,734,0.15275693484062952
initialize,classify,BCE,CORnet_S,1,2.0,0.21990740740740738,72,0.16756851018922977
initialize,classify,BCE,CORnet_S,1,3.0,0.10714285714285714,28,0.18238008553783006
initialize,classify,BCE,CORnet_S,1,4.0,0.14102564102564102,13,0.1971916608864303
initialize,classify,BCE,CORnet_S,1,5.0,0.5,1,0.2120032362350306
initialize,classify,BCE,CORnet_S,1,6.0,0.0,1,0.22681481158363087
initialize,classify,BCE,CORnet_S,1,7.0,0.25,1,0.24162638693223115
transfer,classify,BCE,CORnet_S,1,0.0,0.5881432317273025,2034,0.4654734924008085
transfer,classify,BCE,CORnet_S,1,1.0,0.4594232515894642,734,0.47395044066639075
transfer,classify,BCE,CORnet_S,1,2.0,0.38125,72,0.482427388931973
transfer,classify,BCE,CORnet_S,1,3.0,0.44642857142857145,28,0.4909043371975552
transfer,classify,BCE,CORnet_S,1,4.0,0.3358974358974359,13,0.4993812854631375
transfer,classify,BCE,CORnet_S,1,5.0,0.5,1,0.5078582337287197
transfer,classify,BCE,CORnet_S,1,6.0,0.5,1,0.5163351819943021
transfer,classify,BCE,CORnet_S,1,7.0,0.75,1,0.5248121302598843
initialize,classify,BCE,CORnet_S,2,0.0,0.24313339888561125,2034,0.233146916234482
initialize,classify,BCE,CORnet_S,2,1.0,0.2776339691189827,734,0.24795849158308228
initialize,classify,BCE,CORnet_S,2,2.0,0.24768518518518517,72,0.26277006693168253
initialize,classify,BCE,CORnet_S,2,3.0,0.26785714285714285,28,0.2775816422802828
initialize,classify,BCE,CORnet_S,2,4.0,0.24358974358974358,13,0.2923932176288831
initialize,classify,BCE,CORnet_S,2,5.0,0.5,1,0.3072047929774834
initialize,classify,BCE,CORnet_S,2,6.0,0.5,1,0.3220163683260836
initialize,classify,BCE,CORnet_S,2,7.0,0.0,1,0.3368279436746839
transfer,classify,BCE,CORnet_S,2,0.0,0.5228777450016387,2034,0.420246165910408
transfer,classify,BCE,CORnet_S,2,1.0,0.41435059037238875,734,0.42872311417599024
transfer,classify,BCE,CORnet_S,2,2.0,0.3298611111111111,72,0.4372000624415725
transfer,classify,BCE,CORnet_S,2,3.0,0.38095238095238093,28,0.4456770107071547
transfer,classify,BCE,CORnet_S,2,4.0,0.45128205128205134,13,0.45415395897273697
transfer,classify,BCE,CORnet_S,2,5.0,0.5,1,0.46263090723831923
transfer,classify,BCE,CORnet_S,2,6.0,0.5,1,0.4711078555039015
transfer,classify,BCE,CORnet_S,2,7.0,0.5,1,0.47958480376948376
initialize,classify,BCE,CORnet_S,3,0.0,0.21881350376925596,2034,0.2652395309370079
initialize,classify,BCE,CORnet_S,3,1.0,0.2891689373297003,734,0.28005110628560814
initialize,classify,BCE,CORnet_S,3,2.0,0.2662037037037037,72,0.2948626816342084
initialize,classify,BCE,CORnet_S,3,3.0,0.23809523809523808,28,0.3096742569828087
initialize,classify,BCE,CORnet_S,3,4.0,0.2743589743589744,13,0.324485832331409
initialize,classify,BCE,CORnet_S,3,5.0,0.5,1,0.33929740768000927
initialize,classify,BCE,CORnet_S,3,6.0,0.5,1,0.3541089830286095
initialize,classify,BCE,CORnet_S,3,7.0,0.25,1,0.3689205583772098
transfer,classify,BCE,CORnet_S,3,0.0,0.5824893477548345,2034,0.47400193802081736
transfer,classify,BCE,CORnet_S,3,1.0,0.47847411444141685,734,0.48247888628639957
transfer,classify,BCE,CORnet_S,3,2.0,0.39166666666666666,72,0.49095583455198183
transfer,classify,BCE,CORnet_S,3,3.0,0.4523809523809524,28,0.4994327828175641
transfer,classify,BCE,CORnet_S,3,4.0,0.3743589743589744,13,0.5079097310831463
transfer,classify,BCE,CORnet_S,3,5.0,0.5,1,0.5163866793487286
transfer,classify,BCE,CORnet_S,3,6.0,0.5,1,0.5248636276143108
transfer,classify,BCE,CORnet_S,3,7.0,0.75,1,0.5333405758798931
initialize,classify,BCE,CORnet_S,4,0.0,0.22674532940019668,2034,0.2031278400133537
initialize,classify,BCE,CORnet_S,4,1.0,0.2650772025431426,734,0.217939415361954
initialize,classify,BCE,CORnet_S,4,2.0,0.2361111111111111,72,0.23275099071055425
initialize,classify,BCE,CORnet_S,4,3.0,0.27976190476190477,28,0.24756256605915453
initialize,classify,BCE,CORnet_S,4,4.0,0.28205128205128205,13,0.2623741414077548
initialize,classify,BCE,CORnet_S,4,5.0,0.0,1,0.27718571675635506
initialize,classify,BCE,CORnet_S,4,6.0,0.5,1,0.29199729210495534
initialize,classify,BCE,CORnet_S,4,7.0,0.25,1,0.3068088674535556
transfer,classify,BCE,CORnet_S,4,0.0,0.6436332350049164,2034,0.4984427792595041
transfer,classify,BCE,CORnet_S,4,1.0,0.5230472297910991,734,0.5069197275250863
transfer,classify,BCE,CORnet_S,4,2.0,0.38935185185185184,72,0.5153966757906686
transfer,classify,BCE,CORnet_S,4,3.0,0.4880952380952381,28,0.5238736240562508
transfer,classify,BCE,CORnet_S,4,4.0,0.43076923076923074,13,0.5323505723218331
transfer,classify,BCE,CORnet_S,4,5.0,0.5,1,0.5408275205874153
transfer,classify,BCE,CORnet_S,4,6.0,0.5,1,0.5493044688529976
transfer,classify,BCE,CORnet_S,4,7.0,0.75,1,0.5577814171185799
initialize,classify,BCE,CORnet_S,5,0.0,0.21017699115044247,2034,0.28096439384162075
initialize,classify,BCE,CORnet_S,5,1.0,0.255449591280654,734,0.29577596919022103
initialize,classify,BCE,CORnet_S,5,2.0,0.21412037037037035,72,0.3105875445388213
initialize,classify,BCE,CORnet_S,5,3.0,0.20833333333333331,28,0.32539911988742154
initialize,classify,BCE,CORnet_S,5,4.0,0.27435897435897433,13,0.3402106952360218
initialize,classify,BCE,CORnet_S,5,5.0,0.5,1,0.3550222705846221
initialize,classify,BCE,CORnet_S,5,6.0,0.5,1,0.3698338459332224
initialize,classify,BCE,CORnet_S,5,7.0,0.5,1,0.38464542128182266
transfer,classify,BCE,CORnet_S,5,0.0,0.5231645362176336,2034,0.4511665046035731
transfer,classify,BCE,CORnet_S,5,1.0,0.4228428701180744,734,0.45964345286915537
transfer,classify,BCE,CORnet_S,5,2.0,0.37430555555555556,72,0.46812040113473763
transfer,classify,BCE,CORnet_S,5,3.0,0.4404761904761905,28,0.4765973494003199
transfer,classify,BCE,CORnet_S,5,4.0,0.3358974358974359,13,0.48507429766590215
transfer,classify,BCE,CORnet_S,5,5.0,0.5,1,0.4935512459314844
transfer,classify,BCE,CORnet_S,5,6.0,0.5,1,0.5020281941970667
transfer,classify,BCE,CORnet_S,5,7.0,0.75,1,0.5105051424626489
initialize,classify,BCE,CORnet_S,6,0.0,0.26976401179941006,2034,0.31651225418843704
initialize,classify,BCE,CORnet_S,6,1.0,0.3225022706630336,734,0.3313238295370373
initialize,classify,BCE,CORnet_S,6,2.0,0.23541666666666666,72,0.3461354048856376
initialize,classify,BCE,CORnet_S,6,3.0,0.26785714285714285,28,0.3609469802342379
initialize,classify,BCE,CORnet_S,6,4.0,0.35128205128205126,13,0.3757585555828381
initialize,classify,BCE,CORnet_S,6,5.0,0.5,1,0.3905701309314384
initialize,classify,BCE,CORnet_S,6,6.0,0.5,1,0.40538170628003867
initialize,classify,BCE,CORnet_S,6,7.0,0.5,1,0.42019328162863895
transfer,classify,BCE,CORnet_S,6,0.0,0.5954359226483121,2034,0.43520428252425625
transfer,classify,BCE,CORnet_S,6,1.0,0.47836058128973663,734,0.4436812307898385
transfer,classify,BCE,CORnet_S,6,2.0,0.4124999999999999,72,0.4521581790554208
transfer,classify,BCE,CORnet_S,6,3.0,0.45833333333333337,28,0.460635127321003
transfer,classify,BCE,CORnet_S,6,4.0,0.2743589743589744,13,0.46911207558658524
transfer,classify,BCE,CORnet_S,6,5.0,0.5,1,0.4775890238521675
transfer,classify,BCE,CORnet_S,6,6.0,0.5,1,0.48606597211774977
transfer,classify,BCE,CORnet_S,6,7.0,0.5,1,0.49454292038333203
initialize,classify,BCE,CORnet_S,7,0.0,0.26873975745657164,2034,0.2574084745808527
initialize,classify,BCE,CORnet_S,7,1.0,0.28928247048138056,734,0.27222004992945303
initialize,classify,BCE,CORnet_S,7,2.0,0.21990740740740738,72,0.28703162527805326
initialize,classify,BCE,CORnet_S,7,3.0,0.26785714285714285,28,0.30184320062665354
initialize,classify,BCE,CORnet_S,7,4.0,0.4282051282051282,13,0.3166547759752538
initialize,classify,BCE,CORnet_S,7,5.0,0.5,1,0.33146635132385405
initialize,classify,BCE,CORnet_S,7,6.0,0.5,1,0.3462779266724544
initialize,classify,BCE,CORnet_S,7,7.0,0.0,1,0.3610895020210546
transfer,classify,BCE,CORnet_S,7,0.0,0.5766060308095706,2034,0.4234479347195441
transfer,classify,BCE,CORnet_S,7,1.0,0.4440508628519528,734,0.4319248829851263
transfer,classify,BCE,CORnet_S,7,2.0,0.36041666666666666,72,0.4404018312507086
transfer,classify,BCE,CORnet_S,7,3.0,0.44642857142857145,28,0.44887877951629085
transfer,classify,BCE,CORnet_S,7,4.0,0.29743589743589743,13,0.4573557277818731
transfer,classify,BCE,CORnet_S,7,5.0,0.5,1,0.4658326760474554
transfer,classify,BCE,CORnet_S,7,6.0,0.5,1,0.47430962431303764
transfer,classify,BCE,CORnet_S,7,7.0,0.5,1,0.4827865725786199
initialize,classify,BCE,CORnet_S,8,0.0,0.18593903638151424,2034,0.1336263339337831
initialize,classify,BCE,CORnet_S,8,1.0,0.2291780199818347,734,0.14843790928238337
initialize,classify,BCE,CORnet_S,8,2.0,0.2650462962962963,72,0.16324948463098363
initialize,classify,BCE,CORnet_S,8,3.0,0.2202380952380952,28,0.1780610599795839
initialize,classify,BCE,CORnet_S,8,4.0,0.33333333333333337,13,0.19287263532818416
initialize,classify,BCE,CORnet_S,8,5.0,0.0,1,0.20768421067678444
initialize,classify,BCE,CORnet_S,8,6.0,0.0,1,0.22249578602538472
initialize,classify,BCE,CORnet_S,8,7.0,0.25,1,0.237307361373985
transfer,classify,BCE,CORnet_S,8,0.0,0.6355211406096362,2034,0.4639394958577433
transfer,classify,BCE,CORnet_S,8,1.0,0.5191643960036332,734,0.47241644412332556
transfer,classify,BCE,CORnet_S,8,2.0,0.42916666666666664,72,0.4808933923889078
transfer,classify,BCE,CORnet_S,8,3.0,0.4880952380952381,28,0.48937034065449003
transfer,classify,BCE,CORnet_S,8,4.0,0.37692307692307697,13,0.4978472889200723
transfer,classify,BCE,CORnet_S,8,5.0,0.5,1,0.5063242371856546
transfer,classify,BCE,CORnet_S,8,6.0,0.5,1,0.5148011854512369
transfer,classify,BCE,CORnet_S,8,7.0,0.5,1,0.5232781337168191
initialize,classify,BCE,CORnet_Z,1,0.0,0.0013929859062602424,2034,-0.041284645449213994
initialize,classify,BCE,CORnet_Z,1,1.0,0.0,734,-0.02943928296707215
initialize,classify,BCE,CORnet_Z,1,2.0,0.0,72,-0.0175939204849303
initialize,classify,BCE,CORnet_Z,1,3.0,0.0,28,-0.005748558002788451
initialize,classify,BCE,CORnet_Z,1,4.0,0.0,13,0.006096804479353395
initialize,classify,BCE,CORnet_Z,1,5.0,0.0,1,0.01794216696149524
initialize,classify,BCE,CORnet_Z,1,6.0,0.0,1,0.029787529443637092
initialize,classify,BCE,CORnet_Z,1,7.0,0.0,1,0.04163289192577893
transfer,classify,BCE,CORnet_Z,1,0.0,0.2581694526384792,2034,0.16587708702711132
transfer,classify,BCE,CORnet_Z,1,1.0,0.2442098092643052,734,0.20911029933437097
transfer,classify,BCE,CORnet_Z,1,2.0,0.2210648148148148,72,0.2523435116416306
transfer,classify,BCE,CORnet_Z,1,3.0,0.24999999999999997,28,0.29557672394889023
transfer,classify,BCE,CORnet_Z,1,4.0,0.0641025641025641,13,0.3388099362561499
transfer,classify,BCE,CORnet_Z,1,5.0,0.5,1,0.3820431485634096
transfer,classify,BCE,CORnet_Z,1,6.0,0.5,1,0.4252763608706692
transfer,classify,BCE,CORnet_Z,1,7.0,0.5,1,0.46850957317792885
initialize,classify,BCE,CORnet_Z,2,0.0,0.0,2034,-0.0414587686874965
initialize,classify,BCE,CORnet_Z,2,1.0,0.0,734,-0.029613406205354652
initialize,classify,BCE,CORnet_Z,2,2.0,0.0,72,-0.017768043723212803
initialize,classify,BCE,CORnet_Z,2,3.0,0.0,28,-0.005922681241070954
initialize,classify,BCE,CORnet_Z,2,4.0,0.0,13,0.0059226812410708915
initialize,classify,BCE,CORnet_Z,2,5.0,0.0,1,0.017768043723212737
initialize,classify,BCE,CORnet_Z,2,6.0,0.0,1,0.02961340620535459
initialize,classify,BCE,CORnet_Z,2,7.0,0.0,1,0.04145876868749643
transfer,classify,BCE,CORnet_Z,2,0.0,0.2704195345788266,2034,0.18509871231824523
transfer,classify,BCE,CORnet_Z,2,1.0,0.2579473206176203,734,0.2283319246255049
transfer,classify,BCE,CORnet_Z,2,2.0,0.24537037037037038,72,0.2715651369327645
transfer,classify,BCE,CORnet_Z,2,3.0,0.23809523809523805,28,0.31479834924002414
transfer,classify,BCE,CORnet_Z,2,4.0,0.17948717948717946,13,0.3580315615472838
transfer,classify,BCE,CORnet_Z,2,5.0,0.5,1,0.4012647738545435
transfer,classify,BCE,CORnet_Z,2,6.0,0.5,1,0.44449798616180314
transfer,classify,BCE,CORnet_Z,2,7.0,0.5,1,0.48773119846906277
initialize,classify,BCE,CORnet_Z,3,0.0,0.20664536217633558,2034,0.2614677596068338
initialize,classify,BCE,CORnet_Z,3,1.0,0.2458673932788374,734,0.2733131220889757
initialize,classify,BCE,CORnet_Z,3,2.0,0.2685185185185185,72,0.28515848457111753
initialize,classify,BCE,CORnet_Z,3,3.0,0.2857142857142857,28,0.2970038470532594
initialize,classify,BCE,CORnet_Z,3,4.0,0.16666666666666666,13,0.30884920953540124
initialize,classify,BCE,CORnet_Z,3,5.0,0.5,1,0.3206945720175431
initialize,classify,BCE,CORnet_Z,3,6.0,0.5,1,0.33253993449968494
initialize,classify,BCE,CORnet_Z,3,7.0,0.25,1,0.34438529698182674
transfer,classify,BCE,CORnet_Z,3,0.0,0.25276138970829237,2034,0.1859055015959314
transfer,classify,BCE,CORnet_Z,3,1.0,0.24866030881017254,734,0.22913871390319102
transfer,classify,BCE,CORnet_Z,3,2.0,0.24305555555555555,72,0.2723719262104507
transfer,classify,BCE,CORnet_Z,3,3.0,0.2738095238095238,28,0.3156051385177103
transfer,classify,BCE,CORnet_Z,3,4.0,0.17948717948717946,13,0.35883835082496995
transfer,classify,BCE,CORnet_Z,3,5.0,0.5,1,0.40207156313222964
transfer,classify,BCE,CORnet_Z,3,6.0,0.5,1,0.4453047754394892
transfer,classify,BCE,CORnet_Z,3,7.0,0.5,1,0.48853798774674895
initialize,classify,BCE,CORnet_Z,4,0.0,0.02783513602097673,2034,0.0020727530875379943
initialize,classify,BCE,CORnet_Z,4,1.0,0.06223887375113533,734,0.013918115569679841
initialize,classify,BCE,CORnet_Z,4,2.0,0.05671296296296296,72,0.02576347805182169
initialize,classify,BCE,CORnet_Z,4,3.0,0.047619047619047616,28,0.03760884053396354
initialize,classify,BCE,CORnet_Z,4,4.0,0.15384615384615385,13,0.04945420301610538
initialize,classify,BCE,CORnet_Z,4,5.0,0.0,1,0.06129956549824723
initialize,classify,BCE,CORnet_Z,4,6.0,0.0,1,0.07314492798038907
initialize,classify,BCE,CORnet_Z,4,7.0,0.0,1,0.08499029046253093
transfer,classify,BCE,CORnet_Z,4,0.0,0.21957554900032777,2034,0.16369742293626255
transfer,classify,BCE,CORnet_Z,4,1.0,0.24109900090826517,734,0.2069306352435222
transfer,classify,BCE,CORnet_Z,4,2.0,0.2210648148148148,72,0.25016384755078186
transfer,classify,BCE,CORnet_Z,4,3.0,0.1845238095238095,28,0.2933970598580415
transfer,classify,BCE,CORnet_Z,4,4.0,0.15384615384615385,13,0.33663027216530117
transfer,classify,BCE,CORnet_Z,4,5.0,0.5,1,0.3798634844725608
transfer,classify,BCE,CORnet_Z,4,6.0,0.5,1,0.4230966967798204
transfer,classify,BCE,CORnet_Z,4,7.0,0.5,1,0.4663299090870801
initialize,classify,BCE,CORnet_Z,5,0.0,0.20664536217633558,2034,0.26146775960683405
initialize,classify,BCE,CORnet_Z,5,1.0,0.2458673932788374,734,0.2733131220889759
initialize,classify,BCE,CORnet_Z,5,2.0,0.2685185185185185,72,0.28515848457111775
initialize,classify,BCE,CORnet_Z,5,3.0,0.2857142857142857,28,0.2970038470532596
initialize,classify,BCE,CORnet_Z,5,4.0,0.16666666666666666,13,0.30884920953540146
initialize,classify,BCE,CORnet_Z,5,5.0,0.5,1,0.3206945720175433
initialize,classify,BCE,CORnet_Z,5,6.0,0.5,1,0.33253993449968516
initialize,classify,BCE,CORnet_Z,5,7.0,0.25,1,0.34438529698182696
transfer,classify,BCE,CORnet_Z,5,0.0,0.25523598820059,2034,0.18336263260457658
transfer,classify,BCE,CORnet_Z,5,1.0,0.26039963669391464,734,0.22659584491183624
transfer,classify,BCE,CORnet_Z,5,2.0,0.24421296296296294,72,0.2698290572190959
transfer,classify,BCE,CORnet_Z,5,3.0,0.23809523809523805,28,0.3130622695263555
transfer,classify,BCE,CORnet_Z,5,4.0,0.17948717948717946,13,0.35629548183361515
transfer,classify,BCE,CORnet_Z,5,5.0,0.5,1,0.3995286941408749
transfer,classify,BCE,CORnet_Z,5,6.0,0.5,1,0.4427619064481345
transfer,classify,BCE,CORnet_Z,5,7.0,0.5,1,0.48599511875539414
initialize,classify,BCE,CORnet_Z,6,0.0,0.04278924942641757,2034,0.050653758774431665
initialize,classify,BCE,CORnet_Z,6,1.0,0.08737511353315167,734,0.06249912125657351
initialize,classify,BCE,CORnet_Z,6,2.0,0.06296296296296296,72,0.07434448373871536
initialize,classify,BCE,CORnet_Z,6,3.0,0.047619047619047616,28,0.08618984622085721
initialize,classify,BCE,CORnet_Z,6,4.0,0.24615384615384617,13,0.09803520870299906
initialize,classify,BCE,CORnet_Z,6,5.0,0.0,1,0.1098805711851409
initialize,classify,BCE,CORnet_Z,6,6.0,0.0,1,0.12172593366728275
initialize,classify,BCE,CORnet_Z,6,7.0,0.25,1,0.1335712961494246
transfer,classify,BCE,CORnet_Z,6,0.0,0.22572107505735825,2034,0.17287708164377263
transfer,classify,BCE,CORnet_Z,6,1.0,0.2356267029972752,734,0.2161102939510323
transfer,classify,BCE,CORnet_Z,6,2.0,0.19675925925925922,72,0.25934350625829194
transfer,classify,BCE,CORnet_Z,6,3.0,0.2559523809523809,28,0.3025767185655516
transfer,classify,BCE,CORnet_Z,6,4.0,0.17948717948717946,13,0.3458099308728112
transfer,classify,BCE,CORnet_Z,6,5.0,0.5,1,0.3890431431800709
transfer,classify,BCE,CORnet_Z,6,6.0,0.5,1,0.4322763554873305
transfer,classify,BCE,CORnet_Z,6,7.0,0.5,1,0.4755095677945902
initialize,classify,BCE,CORnet_Z,7,0.0,0.20664536217633558,2034,0.26146775960683405
initialize,classify,BCE,CORnet_Z,7,1.0,0.2458673932788374,734,0.2733131220889759
initialize,classify,BCE,CORnet_Z,7,2.0,0.2685185185185185,72,0.28515848457111775
initialize,classify,BCE,CORnet_Z,7,3.0,0.2857142857142857,28,0.2970038470532596
initialize,classify,BCE,CORnet_Z,7,4.0,0.16666666666666666,13,0.30884920953540146
initialize,classify,BCE,CORnet_Z,7,5.0,0.5,1,0.3206945720175433
initialize,classify,BCE,CORnet_Z,7,6.0,0.5,1,0.33253993449968516
initialize,classify,BCE,CORnet_Z,7,7.0,0.25,1,0.34438529698182696
transfer,classify,BCE,CORnet_Z,7,0.0,0.27111602753195674,2034,0.17284977233239657
transfer,classify,BCE,CORnet_Z,7,1.0,0.255858310626703,734,0.21608298463965622
transfer,classify,BCE,CORnet_Z,7,2.0,0.22569444444444445,72,0.2593161969469159
transfer,classify,BCE,CORnet_Z,7,3.0,0.23809523809523805,28,0.3025494092541755
transfer,classify,BCE,CORnet_Z,7,4.0,0.10256410256410256,13,0.34578262156143513
transfer,classify,BCE,CORnet_Z,7,5.0,0.5,1,0.3890158338686948
transfer,classify,BCE,CORnet_Z,7,6.0,0.5,1,0.4322490461759545
transfer,classify,BCE,CORnet_Z,7,7.0,0.5,1,0.4754822584832141
initialize,classify,BCE,CORnet_Z,8,0.0,0.03738118649623074,2034,0.04980745118063791
initialize,classify,BCE,CORnet_Z,8,1.0,0.08601271571298819,734,0.061652813662779755
initialize,classify,BCE,CORnet_Z,8,2.0,0.06296296296296296,72,0.0734981761449216
initialize,classify,BCE,CORnet_Z,8,3.0,0.047619047619047616,28,0.08534353862706345
initialize,classify,BCE,CORnet_Z,8,4.0,0.24615384615384617,13,0.0971889011092053
initialize,classify,BCE,CORnet_Z,8,5.0,0.0,1,0.10903426359134714
initialize,classify,BCE,CORnet_Z,8,6.0,0.0,1,0.120879626073489
initialize,classify,BCE,CORnet_Z,8,7.0,0.25,1,0.13272498855563084
transfer,classify,BCE,CORnet_Z,8,0.0,0.29627171419206816,2034,0.19014668981992167
transfer,classify,BCE,CORnet_Z,8,1.0,0.29014532243415075,734,0.23337990212718132
transfer,classify,BCE,CORnet_Z,8,2.0,0.2418981481481481,72,0.276613114434441
transfer,classify,BCE,CORnet_Z,8,3.0,0.3392857142857143,28,0.3198463267417006
transfer,classify,BCE,CORnet_Z,8,4.0,0.0641025641025641,13,0.3630795390489603
transfer,classify,BCE,CORnet_Z,8,5.0,0.5,1,0.4063127513562199
transfer,classify,BCE,CORnet_Z,8,6.0,0.5,1,0.44954596366347954
transfer,classify,BCE,CORnet_Z,8,7.0,0.5,1,0.4927791759707392
initialize,classify,BCE,VGG16,1,0.0,0.025565388397246803,2034,0.014899048404215224
initialize,classify,BCE,VGG16,1,1.0,0.01639418710263397,734,0.01391227564954856
initialize,classify,BCE,VGG16,1,2.0,0.013888888888888888,72,0.012925502894881896
initialize,classify,BCE,VGG16,1,3.0,0.03571428571428571,28,0.011938730140215233
initialize,classify,BCE,VGG16,1,4.0,0.0,13,0.01095195738554857
initialize,classify,BCE,VGG16,1,5.0,0.0,1,0.009965184630881908
initialize,classify,BCE,VGG16,1,6.0,0.0,1,0.008978411876215245
initialize,classify,BCE,VGG16,1,7.0,0.0,1,0.00799163912154858
transfer,classify,BCE,VGG16,1,0.0,0.7734841035725991,2034,0.6315153958007402
transfer,classify,BCE,VGG16,1,1.0,0.6404632152588556,734,0.6129378541196763
transfer,classify,BCE,VGG16,1,2.0,0.5634259259259259,72,0.5943603124386122
transfer,classify,BCE,VGG16,1,3.0,0.5238095238095238,28,0.5757827707575482
transfer,classify,BCE,VGG16,1,4.0,0.5307692307692308,13,0.5572052290764843
transfer,classify,BCE,VGG16,1,5.0,0.5,1,0.5386276873954202
transfer,classify,BCE,VGG16,1,6.0,0.5,1,0.5200501457143563
transfer,classify,BCE,VGG16,1,7.0,0.5,1,0.5014726040332922
initialize,classify,BCE,VGG16,2,0.0,0.05252376270075384,2034,0.04148026312002247
initialize,classify,BCE,VGG16,2,1.0,0.0688692098092643,734,0.0404934903653558
initialize,classify,BCE,VGG16,2,2.0,0.053240740740740734,72,0.03950671761068914
initialize,classify,BCE,VGG16,2,3.0,0.06547619047619048,28,0.038519944856022476
initialize,classify,BCE,VGG16,2,4.0,0.0641025641025641,13,0.037533172101355816
initialize,classify,BCE,VGG16,2,5.0,0.0,1,0.03654639934668915
initialize,classify,BCE,VGG16,2,6.0,0.0,1,0.03555962659202249
initialize,classify,BCE,VGG16,2,7.0,0.0,1,0.034572853837355824
transfer,classify,BCE,VGG16,2,0.0,0.7963454605047525,2034,0.7123721054799064
transfer,classify,BCE,VGG16,2,1.0,0.6525431425976386,734,0.6937945637988424
transfer,classify,BCE,VGG16,2,2.0,0.5599537037037037,72,0.6752170221177783
transfer,classify,BCE,VGG16,2,3.0,0.5238095238095238,28,0.6566394804367144
transfer,classify,BCE,VGG16,2,4.0,0.6461538461538461,13,0.6380619387556504
transfer,classify,BCE,VGG16,2,5.0,0.5,1,0.6194843970745864
transfer,classify,BCE,VGG16,2,6.0,1.0,1,0.6009068553935224
transfer,classify,BCE,VGG16,2,7.0,0.5,1,0.5823293137124583
initialize,classify,BCE,VGG16,3,0.0,0.02568829891838741,2034,0.015141920387090745
initialize,classify,BCE,VGG16,3,1.0,0.02241144414168937,734,0.014155147632424082
initialize,classify,BCE,VGG16,3,2.0,0.006944444444444444,72,0.013168374877757417
initialize,classify,BCE,VGG16,3,3.0,0.0,28,0.012181602123090754
initialize,classify,BCE,VGG16,3,4.0,0.038461538461538464,13,0.011194829368424091
initialize,classify,BCE,VGG16,3,5.0,0.0,1,0.010208056613757429
initialize,classify,BCE,VGG16,3,6.0,0.0,1,0.009221283859090764
initialize,classify,BCE,VGG16,3,7.0,0.0,1,0.008234511104424101
transfer,classify,BCE,VGG16,3,0.0,0.7983939691904294,2034,0.7001290848511879
transfer,classify,BCE,VGG16,3,1.0,0.662148047229791,734,0.6815515431701239
transfer,classify,BCE,VGG16,3,2.0,0.5657407407407408,72,0.6629740014890599
transfer,classify,BCE,VGG16,3,3.0,0.5238095238095238,28,0.6443964598079959
transfer,classify,BCE,VGG16,3,4.0,0.5307692307692308,13,0.6258189181269319
transfer,classify,BCE,VGG16,3,5.0,0.5,1,0.607241376445868
transfer,classify,BCE,VGG16,3,6.0,1.0,1,0.5886638347648039
transfer,classify,BCE,VGG16,3,7.0,0.5,1,0.5700862930837399
initialize,classify,BCE,VGG16,4,0.0,0.0,2034,0.0034537046413333234
initialize,classify,BCE,VGG16,4,1.0,0.0,734,0.00246693188666666
initialize,classify,BCE,VGG16,4,2.0,0.0,72,0.0014801591319999969
initialize,classify,BCE,VGG16,4,3.0,0.0,28,0.0004933863773333336
initialize,classify,BCE,VGG16,4,4.0,0.0,13,-0.0004933863773333297
initialize,classify,BCE,VGG16,4,5.0,0.0,1,-0.0014801591319999925
initialize,classify,BCE,VGG16,4,6.0,0.0,1,-0.0024669318866666562
initialize,classify,BCE,VGG16,4,7.0,0.0,1,-0.00345370464133332
transfer,classify,BCE,VGG16,4,0.0,0.7902572926909209,2034,0.7091122453068763
transfer,classify,BCE,VGG16,4,1.0,0.6521571298819256,734,0.6905347036258124
transfer,classify,BCE,VGG16,4,2.0,0.5634259259259259,72,0.6719571619447483
transfer,classify,BCE,VGG16,4,3.0,0.5238095238095238,28,0.6533796202636843
transfer,classify,BCE,VGG16,4,4.0,0.6230769230769231,13,0.6348020785826204
transfer,classify,BCE,VGG16,4,5.0,1.0,1,0.6162245369015563
transfer,classify,BCE,VGG16,4,6.0,0.5,1,0.5976469952204924
transfer,classify,BCE,VGG16,4,7.0,0.5,1,0.5790694535394283
initialize,classify,BCE,VGG16,5,0.0,0.003687315634218289,2034,0.00923321058586423
initialize,classify,BCE,VGG16,5,1.0,0.004087193460490463,734,0.008246437831197566
initialize,classify,BCE,VGG16,5,2.0,0.0,72,0.007259665076530903
initialize,classify,BCE,VGG16,5,3.0,0.0,28,0.0062728923218642405
initialize,classify,BCE,VGG16,5,4.0,0.038461538461538464,13,0.005286119567197578
initialize,classify,BCE,VGG16,5,5.0,0.0,1,0.004299346812530915
initialize,classify,BCE,VGG16,5,6.0,0.0,1,0.0033125740578642503
initialize,classify,BCE,VGG16,5,7.0,0.0,1,0.0023258013031975857
transfer,classify,BCE,VGG16,5,0.0,0.7765568666011142,2034,0.6407771468361669
transfer,classify,BCE,VGG16,5,1.0,0.6380336058128974,734,0.622199605155103
transfer,classify,BCE,VGG16,5,2.0,0.5599537037037037,72,0.603622063474039
transfer,classify,BCE,VGG16,5,3.0,0.5238095238095238,28,0.585044521792975
transfer,classify,BCE,VGG16,5,4.0,0.6076923076923076,13,0.566466980111911
transfer,classify,BCE,VGG16,5,5.0,0.5,1,0.547889438430847
transfer,classify,BCE,VGG16,5,6.0,0.5,1,0.529311896749783
transfer,classify,BCE,VGG16,5,7.0,0.5,1,0.510734355068719
initialize,classify,BCE,VGG16,6,0.0,0.0,2034,0.0035672377930135776
initialize,classify,BCE,VGG16,6,1.0,0.0009082652134423251,734,0.0025804650383469143
initialize,classify,BCE,VGG16,6,2.0,0.0,72,0.001593692283680251
initialize,classify,BCE,VGG16,6,3.0,0.0,28,0.0006069195290135877
initialize,classify,BCE,VGG16,6,4.0,0.0,13,-0.0003798532256530755
initialize,classify,BCE,VGG16,6,5.0,0.0,1,-0.0013666259803197384
initialize,classify,BCE,VGG16,6,6.0,0.0,1,-0.002353398734986402
initialize,classify,BCE,VGG16,6,7.0,0.0,1,-0.0033401714896530658
transfer,classify,BCE,VGG16,6,0.0,0.7887413962635201,2034,0.6953899765262722
transfer,classify,BCE,VGG16,6,1.0,0.6512488646684832,734,0.6768124348452083
transfer,classify,BCE,VGG16,6,2.0,0.5483796296296296,72,0.6582348931641442
transfer,classify,BCE,VGG16,6,3.0,0.5238095238095238,28,0.6396573514830802
transfer,classify,BCE,VGG16,6,4.0,0.5307692307692308,13,0.6210798098020163
transfer,classify,BCE,VGG16,6,5.0,0.5,1,0.6025022681209522
transfer,classify,BCE,VGG16,6,6.0,1.0,1,0.5839247264398882
transfer,classify,BCE,VGG16,6,7.0,0.5,1,0.5653471847588243
initialize,classify,BCE,VGG16,7,0.0,0.09754998361193051,2034,0.1388725353930096
initialize,classify,BCE,VGG16,7,1.0,0.1163714804722979,734,0.13788576263834293
initialize,classify,BCE,VGG16,7,2.0,0.11805555555555555,72,0.13689898988367627
initialize,classify,BCE,VGG16,7,3.0,0.14880952380952378,28,0.1359122171290096
initialize,classify,BCE,VGG16,7,4.0,0.10256410256410256,13,0.13492544437434295
initialize,classify,BCE,VGG16,7,5.0,0.0,1,0.1339386716196763
initialize,classify,BCE,VGG16,7,6.0,0.5,1,0.1329518988650096
initialize,classify,BCE,VGG16,7,7.0,0.0,1,0.13196512611034295
transfer,classify,BCE,VGG16,7,0.0,0.7851196329072435,2034,0.7055250871688531
transfer,classify,BCE,VGG16,7,1.0,0.6449818346957312,734,0.686947545487789
transfer,classify,BCE,VGG16,7,2.0,0.5599537037037037,72,0.6683700038067251
transfer,classify,BCE,VGG16,7,3.0,0.5416666666666666,28,0.6497924621256611
transfer,classify,BCE,VGG16,7,4.0,0.5923076923076922,13,0.631214920444597
transfer,classify,BCE,VGG16,7,5.0,1.0,1,0.6126373787635331
transfer,classify,BCE,VGG16,7,6.0,0.5,1,0.5940598370824691
transfer,classify,BCE,VGG16,7,7.0,0.5,1,0.575482295401405
initialize,classify,BCE,VGG16,8,0.0,0.0,2034,0.0034537046413332575
initialize,classify,BCE,VGG16,8,1.0,0.0,734,0.002466931886666594
initialize,classify,BCE,VGG16,8,2.0,0.0,72,0.001480159131999931
initialize,classify,BCE,VGG16,8,3.0,0.0,28,0.0004933863773332677
initialize,classify,BCE,VGG16,8,4.0,0.0,13,-0.0004933863773333956
initialize,classify,BCE,VGG16,8,5.0,0.0,1,-0.0014801591320000584
initialize,classify,BCE,VGG16,8,6.0,0.0,1,-0.002466931886666722
initialize,classify,BCE,VGG16,8,7.0,0.0,1,-0.003453704641333386
transfer,classify,BCE,VGG16,8,0.0,0.7845624385447394,2034,0.6423079012310272
transfer,classify,BCE,VGG16,8,1.0,0.6568574023614896,734,0.6237303595499633
transfer,classify,BCE,VGG16,8,2.0,0.5453703703703704,72,0.6051528178688992
transfer,classify,BCE,VGG16,8,3.0,0.5238095238095238,28,0.5865752761878352
transfer,classify,BCE,VGG16,8,4.0,0.6076923076923076,13,0.5679977345067713
transfer,classify,BCE,VGG16,8,5.0,0.5,1,0.5494201928257072
transfer,classify,BCE,VGG16,8,6.0,0.5,1,0.5308426511446432
transfer,classify,BCE,VGG16,8,7.0,0.5,1,0.5122651094635793
initialize,classify,BCE,alexnet,1,0.0,0.09475581776466734,2034,0.14912780555391306
initialize,classify,BCE,alexnet,1,1.0,0.08351498637602181,734,0.1470163851196721
initialize,classify,BCE,alexnet,1,2.0,0.0625,72,0.14490496468543113
initialize,classify,BCE,alexnet,1,3.0,0.08928571428571429,28,0.14279354425119017
initialize,classify,BCE,alexnet,1,4.0,0.05384615384615384,13,0.1406821238169492
initialize,classify,BCE,alexnet,1,5.0,0.5,1,0.13857070338270824
initialize,classify,BCE,alexnet,1,6.0,0.0,1,0.13645928294846726
initialize,classify,BCE,alexnet,1,7.0,0.25,1,0.1343478625142263
transfer,classify,BCE,alexnet,1,0.0,0.6119223205506391,2034,0.521711801414262
transfer,classify,BCE,alexnet,1,1.0,0.4955267938237965,734,0.5166427066328684
transfer,classify,BCE,alexnet,1,2.0,0.49976851851851856,72,0.5115736118514748
transfer,classify,BCE,alexnet,1,3.0,0.5476190476190477,28,0.5065045170700813
transfer,classify,BCE,alexnet,1,4.0,0.37692307692307697,13,0.5014354222886876
transfer,classify,BCE,alexnet,1,5.0,0.5,1,0.49636632750729404
transfer,classify,BCE,alexnet,1,6.0,0.5,1,0.4912972327259004
transfer,classify,BCE,alexnet,1,7.0,0.5,1,0.4862281379445068
initialize,classify,BCE,alexnet,2,0.0,0.0,2034,0.007389971519843358
initialize,classify,BCE,alexnet,2,1.0,0.0,734,0.005278551085602394
initialize,classify,BCE,alexnet,2,2.0,0.0,72,0.0031671306513614307
initialize,classify,BCE,alexnet,2,3.0,0.0,28,0.001055710217120467
initialize,classify,BCE,alexnet,2,4.0,0.0,13,-0.0010557102171204966
initialize,classify,BCE,alexnet,2,5.0,0.0,1,-0.00316713065136146
initialize,classify,BCE,alexnet,2,6.0,0.0,1,-0.005278551085602424
initialize,classify,BCE,alexnet,2,7.0,0.0,1,-0.0073899715198433875
transfer,classify,BCE,alexnet,2,0.0,0.5812356604392003,2034,0.5462810069443346
transfer,classify,BCE,alexnet,2,1.0,0.48574023614895545,734,0.541211912162941
transfer,classify,BCE,alexnet,2,2.0,0.4608796296296296,72,0.5361428173815473
transfer,classify,BCE,alexnet,2,3.0,0.4107142857142857,28,0.5310737226001538
transfer,classify,BCE,alexnet,2,4.0,0.2897435897435897,13,0.5260046278187602
transfer,classify,BCE,alexnet,2,5.0,1.0,1,0.5209355330373666
transfer,classify,BCE,alexnet,2,6.0,0.5,1,0.515866438255973
transfer,classify,BCE,alexnet,2,7.0,0.5,1,0.5107973434745794
initialize,classify,BCE,alexnet,3,0.0,0.11905932481153719,2034,0.048052634695640736
initialize,classify,BCE,alexnet,3,1.0,0.05313351498637602,734,0.04594121426139977
initialize,classify,BCE,alexnet,3,2.0,0.09953703703703703,72,0.043829793827158806
initialize,classify,BCE,alexnet,3,3.0,0.05357142857142857,28,0.04171837339291784
initialize,classify,BCE,alexnet,3,4.0,0.0,13,0.03960695295867689
initialize,classify,BCE,alexnet,3,5.0,0.0,1,0.03749553252443592
initialize,classify,BCE,alexnet,3,6.0,0.0,1,0.03538411209019496
initialize,classify,BCE,alexnet,3,7.0,0.0,1,0.03327269165595399
transfer,classify,BCE,alexnet,3,0.0,0.6122500819403474,2034,0.5132858531244632
transfer,classify,BCE,alexnet,3,1.0,0.5134650317892825,734,0.5082167583430696
transfer,classify,BCE,alexnet,3,2.0,0.4701388888888889,72,0.503147663561676
transfer,classify,BCE,alexnet,3,3.0,0.4761904761904762,28,0.49807856878028234
transfer,classify,BCE,alexnet,3,4.0,0.3923076923076923,13,0.4930094739988888
transfer,classify,BCE,alexnet,3,5.0,0.5,1,0.48794037921749517
transfer,classify,BCE,alexnet,3,6.0,0.5,1,0.48287128443610156
transfer,classify,BCE,alexnet,3,7.0,0.5,1,0.477802189654708
initialize,classify,BCE,alexnet,4,0.0,0.0,2034,0.007389971519843441
initialize,classify,BCE,alexnet,4,1.0,0.0,734,0.005278551085602478
initialize,classify,BCE,alexnet,4,2.0,0.0,72,0.003167130651361514
initialize,classify,BCE,alexnet,4,3.0,0.0,28,0.0010557102171205503
initialize,classify,BCE,alexnet,4,4.0,0.0,13,-0.0010557102171204133
initialize,classify,BCE,alexnet,4,5.0,0.0,1,-0.003167130651361377
initialize,classify,BCE,alexnet,4,6.0,0.0,1,-0.005278551085602341
initialize,classify,BCE,alexnet,4,7.0,0.0,1,-0.007389971519843304
transfer,classify,BCE,alexnet,4,0.0,0.6227384464110128,2034,0.5222689750521544
transfer,classify,BCE,alexnet,4,1.0,0.5102633969118983,734,0.5171998802707608
transfer,classify,BCE,alexnet,4,2.0,0.4759259259259259,72,0.5121307854893672
transfer,classify,BCE,alexnet,4,3.0,0.511904761904762,28,0.5070616907079737
transfer,classify,BCE,alexnet,4,4.0,0.4153846153846154,13,0.5019925959265801
transfer,classify,BCE,alexnet,4,5.0,0.5,1,0.49692350114518646
transfer,classify,BCE,alexnet,4,6.0,0.5,1,0.49185440636379285
transfer,classify,BCE,alexnet,4,7.0,0.5,1,0.48678531158239924
initialize,classify,BCE,alexnet,5,0.0,0.02654867256637168,2034,0.020118629224998158
initialize,classify,BCE,alexnet,5,1.0,0.018732970027247955,734,0.018007208790757206
initialize,classify,BCE,alexnet,5,2.0,0.020833333333333332,72,0.015895788356516227
initialize,classify,BCE,alexnet,5,3.0,0.03571428571428571,28,0.013784367922275276
initialize,classify,BCE,alexnet,5,4.0,0.0,13,0.011672947488034296
initialize,classify,BCE,alexnet,5,5.0,0.0,1,0.009561527053793345
initialize,classify,BCE,alexnet,5,6.0,0.0,1,0.007450106619552366
initialize,classify,BCE,alexnet,5,7.0,0.0,1,0.005338686185311414
transfer,classify,BCE,alexnet,5,0.0,0.5799655850540807,2034,0.49180345301592227
transfer,classify,BCE,alexnet,5,1.0,0.47445504087193463,734,0.4867343582345287
transfer,classify,BCE,alexnet,5,2.0,0.44375,72,0.4816652634531351
transfer,classify,BCE,alexnet,5,3.0,0.4404761904761905,28,0.4765961686717415
transfer,classify,BCE,alexnet,5,4.0,0.3538461538461538,13,0.4715270738903479
transfer,classify,BCE,alexnet,5,5.0,0.5,1,0.4664579791089543
transfer,classify,BCE,alexnet,5,6.0,0.5,1,0.4613888843275607
transfer,classify,BCE,alexnet,5,7.0,0.5,1,0.45631978954616714
initialize,classify,BCE,alexnet,6,0.0,0.037938380858734834,2034,0.03368299439470199
initialize,classify,BCE,alexnet,6,1.0,0.02926884650317893,734,0.03157157396046102
initialize,classify,BCE,alexnet,6,2.0,0.02546296296296296,72,0.02946015352622006
initialize,classify,BCE,alexnet,6,3.0,0.05357142857142857,28,0.027348733091979098
initialize,classify,BCE,alexnet,6,4.0,0.0641025641025641,13,0.025237312657738133
initialize,classify,BCE,alexnet,6,5.0,0.0,1,0.023125892223497167
initialize,classify,BCE,alexnet,6,6.0,0.0,1,0.021014471789256205
initialize,classify,BCE,alexnet,6,7.0,0.0,1,0.018903051355015243
transfer,classify,BCE,alexnet,6,0.0,0.6181252048508685,2034,0.5246412447023485
transfer,classify,BCE,alexnet,6,1.0,0.5182107175295186,734,0.5195721499209549
transfer,classify,BCE,alexnet,6,2.0,0.524537037037037,72,0.5145030551395613
transfer,classify,BCE,alexnet,6,3.0,0.4404761904761905,28,0.5094339603581678
transfer,classify,BCE,alexnet,6,4.0,0.4538461538461539,13,0.5043648655767742
transfer,classify,BCE,alexnet,6,5.0,0.5,1,0.49929577079538057
transfer,classify,BCE,alexnet,6,6.0,0.5,1,0.49422667601398695
transfer,classify,BCE,alexnet,6,7.0,0.5,1,0.48915758123259334
initialize,classify,BCE,alexnet,7,0.0,0.0,2034,0.007389971519843247
initialize,classify,BCE,alexnet,7,1.0,0.0,734,0.0052785510856022955
initialize,classify,BCE,alexnet,7,2.0,0.0,72,0.0031671306513613162
initialize,classify,BCE,alexnet,7,3.0,0.0,28,0.0010557102171203647
initialize,classify,BCE,alexnet,7,4.0,0.0,13,-0.0010557102171206145
initialize,classify,BCE,alexnet,7,5.0,0.0,1,-0.003167130651361566
initialize,classify,BCE,alexnet,7,6.0,0.0,1,-0.005278551085602545
initialize,classify,BCE,alexnet,7,7.0,0.0,1,-0.007389971519843497
transfer,classify,BCE,alexnet,7,0.0,0.6291297935103245,2034,0.5592743926718675
transfer,classify,BCE,alexnet,7,1.0,0.5065622161671208,734,0.5542052978904739
transfer,classify,BCE,alexnet,7,2.0,0.4585648148148148,72,0.5491362031090803
transfer,classify,BCE,alexnet,7,3.0,0.4226190476190476,28,0.5440671083276867
transfer,classify,BCE,alexnet,7,4.0,0.3153846153846154,13,0.5389980135462931
transfer,classify,BCE,alexnet,7,5.0,1.0,1,0.5339289187648995
transfer,classify,BCE,alexnet,7,6.0,0.5,1,0.528859823983506
transfer,classify,BCE,alexnet,7,7.0,0.5,1,0.5237907292021123
initialize,classify,BCE,alexnet,8,0.0,0.05674369059324811,2034,0.03644217038779066
initialize,classify,BCE,alexnet,8,1.0,0.08490009082652133,734,0.03433074995354969
initialize,classify,BCE,alexnet,8,2.0,0.07291666666666666,72,0.032219329519308726
initialize,classify,BCE,alexnet,8,3.0,0.017857142857142856,28,0.030107909085067767
initialize,classify,BCE,alexnet,8,4.0,0.0,13,0.027996488650826802
initialize,classify,BCE,alexnet,8,5.0,0.0,1,0.025885068216585837
initialize,classify,BCE,alexnet,8,6.0,0.0,1,0.023773647782344875
initialize,classify,BCE,alexnet,8,7.0,0.0,1,0.021662227348103913
transfer,classify,BCE,alexnet,8,0.0,0.6107751556866601,2034,0.5165326976200116
transfer,classify,BCE,alexnet,8,1.0,0.5026566757493188,734,0.511463602838618
transfer,classify,BCE,alexnet,8,2.0,0.493287037037037,72,0.5063945080572244
transfer,classify,BCE,alexnet,8,3.0,0.5297619047619048,28,0.5013254132758309
transfer,classify,BCE,alexnet,8,4.0,0.3538461538461538,13,0.49625631849443724
transfer,classify,BCE,alexnet,8,5.0,0.5,1,0.4911872237130437
transfer,classify,BCE,alexnet,8,6.0,0.5,1,0.4861181289316501
transfer,classify,BCE,alexnet,8,7.0,0.5,1,0.48104903415025646
