,net_name,method,mode,learning_rate,net_number,stimulus,set_size,target_condition,n_correct,n_trials,accuracy,hit_rate,false_alarm_rate,d_prime
875,CORnet_S,transfer,classify,0.001,1,car,1,both,1202,1233,0.9748580697485808,,,
874,CORnet_S,transfer,classify,0.001,1,car,2,both,619,655,0.9450381679389313,,,
877,CORnet_S,transfer,classify,0.001,1,car,3,both,325,355,0.9154929577464788,,,
880,CORnet_S,transfer,classify,0.001,1,car,4,both,189,211,0.8957345971563981,,,
876,CORnet_S,transfer,classify,0.001,1,car,5,both,104,127,0.8188976377952756,,,
881,CORnet_S,transfer,classify,0.001,1,car,6,both,76,84,0.9047619047619048,,,
878,CORnet_S,transfer,classify,0.001,1,car,7,both,53,56,0.9464285714285714,,,
886,CORnet_S,transfer,classify,0.001,1,car,8,both,33,43,0.7674418604651163,,,
884,CORnet_S,transfer,classify,0.001,1,car,9,both,23,27,0.8518518518518519,,,
944,CORnet_S,transfer,classify,0.001,2,car,1,both,1201,1233,0.9740470397404704,,,
943,CORnet_S,transfer,classify,0.001,2,car,2,both,616,655,0.9404580152671757,,,
946,CORnet_S,transfer,classify,0.001,2,car,3,both,327,355,0.9211267605633804,,,
949,CORnet_S,transfer,classify,0.001,2,car,4,both,191,211,0.90521327014218,,,
945,CORnet_S,transfer,classify,0.001,2,car,5,both,107,127,0.84251968503937,,,
950,CORnet_S,transfer,classify,0.001,2,car,6,both,78,84,0.9285714285714286,,,
947,CORnet_S,transfer,classify,0.001,2,car,7,both,54,56,0.9642857142857144,,,
955,CORnet_S,transfer,classify,0.001,2,car,8,both,38,43,0.8837209302325582,,,
953,CORnet_S,transfer,classify,0.001,2,car,9,both,24,27,0.8888888888888888,,,
1013,CORnet_S,transfer,classify,0.001,3,car,1,both,1201,1233,0.9740470397404704,,,
1012,CORnet_S,transfer,classify,0.001,3,car,2,both,618,655,0.9435114503816794,,,
1015,CORnet_S,transfer,classify,0.001,3,car,3,both,323,355,0.9098591549295776,,,
1018,CORnet_S,transfer,classify,0.001,3,car,4,both,189,211,0.8957345971563981,,,
1014,CORnet_S,transfer,classify,0.001,3,car,5,both,108,127,0.8503937007874016,,,
1019,CORnet_S,transfer,classify,0.001,3,car,6,both,77,84,0.9166666666666666,,,
1016,CORnet_S,transfer,classify,0.001,3,car,7,both,51,56,0.9107142857142856,,,
1024,CORnet_S,transfer,classify,0.001,3,car,8,both,37,43,0.8604651162790697,,,
1022,CORnet_S,transfer,classify,0.001,3,car,9,both,23,27,0.8518518518518519,,,
1082,CORnet_S,transfer,classify,0.001,4,car,1,both,1206,1233,0.978102189781022,,,
1081,CORnet_S,transfer,classify,0.001,4,car,2,both,617,655,0.9419847328244276,,,
1084,CORnet_S,transfer,classify,0.001,4,car,3,both,325,355,0.9154929577464788,,,
1087,CORnet_S,transfer,classify,0.001,4,car,4,both,189,211,0.8957345971563981,,,
1083,CORnet_S,transfer,classify,0.001,4,car,5,both,107,127,0.84251968503937,,,
1088,CORnet_S,transfer,classify,0.001,4,car,6,both,80,84,0.9523809523809524,,,
1085,CORnet_S,transfer,classify,0.001,4,car,7,both,52,56,0.9285714285714286,,,
1093,CORnet_S,transfer,classify,0.001,4,car,8,both,39,43,0.9069767441860463,,,
1091,CORnet_S,transfer,classify,0.001,4,car,9,both,24,27,0.8888888888888888,,,
599,CORnet_Z,transfer,classify,0.001,1,car,1,both,1170,1233,0.948905109489051,,,
598,CORnet_Z,transfer,classify,0.001,1,car,2,both,614,655,0.9374045801526718,,,
601,CORnet_Z,transfer,classify,0.001,1,car,3,both,318,355,0.895774647887324,,,
604,CORnet_Z,transfer,classify,0.001,1,car,4,both,186,211,0.8815165876777251,,,
600,CORnet_Z,transfer,classify,0.001,1,car,5,both,105,127,0.8267716535433071,,,
605,CORnet_Z,transfer,classify,0.001,1,car,6,both,75,84,0.8928571428571429,,,
602,CORnet_Z,transfer,classify,0.001,1,car,7,both,51,56,0.9107142857142856,,,
610,CORnet_Z,transfer,classify,0.001,1,car,8,both,34,43,0.7906976744186046,,,
608,CORnet_Z,transfer,classify,0.001,1,car,9,both,22,27,0.8148148148148148,,,
668,CORnet_Z,transfer,classify,0.001,2,car,1,both,1173,1233,0.951338199513382,,,
667,CORnet_Z,transfer,classify,0.001,2,car,2,both,613,655,0.9358778625954198,,,
670,CORnet_Z,transfer,classify,0.001,2,car,3,both,315,355,0.8873239436619719,,,
673,CORnet_Z,transfer,classify,0.001,2,car,4,both,187,211,0.8862559241706162,,,
669,CORnet_Z,transfer,classify,0.001,2,car,5,both,104,127,0.8188976377952756,,,
674,CORnet_Z,transfer,classify,0.001,2,car,6,both,75,84,0.8928571428571429,,,
671,CORnet_Z,transfer,classify,0.001,2,car,7,both,52,56,0.9285714285714286,,,
679,CORnet_Z,transfer,classify,0.001,2,car,8,both,34,43,0.7906976744186046,,,
677,CORnet_Z,transfer,classify,0.001,2,car,9,both,23,27,0.8518518518518519,,,
737,CORnet_Z,transfer,classify,0.001,3,car,1,both,1176,1233,0.9537712895377128,,,
736,CORnet_Z,transfer,classify,0.001,3,car,2,both,615,655,0.9389312977099236,,,
739,CORnet_Z,transfer,classify,0.001,3,car,3,both,313,355,0.8816901408450705,,,
742,CORnet_Z,transfer,classify,0.001,3,car,4,both,183,211,0.8672985781990521,,,
738,CORnet_Z,transfer,classify,0.001,3,car,5,both,104,127,0.8188976377952756,,,
743,CORnet_Z,transfer,classify,0.001,3,car,6,both,76,84,0.9047619047619048,,,
740,CORnet_Z,transfer,classify,0.001,3,car,7,both,51,56,0.9107142857142856,,,
748,CORnet_Z,transfer,classify,0.001,3,car,8,both,35,43,0.813953488372093,,,
746,CORnet_Z,transfer,classify,0.001,3,car,9,both,23,27,0.8518518518518519,,,
806,CORnet_Z,transfer,classify,0.001,4,car,1,both,1179,1233,0.9562043795620438,,,
805,CORnet_Z,transfer,classify,0.001,4,car,2,both,614,655,0.9374045801526718,,,
808,CORnet_Z,transfer,classify,0.001,4,car,3,both,308,355,0.8676056338028169,,,
811,CORnet_Z,transfer,classify,0.001,4,car,4,both,186,211,0.8815165876777251,,,
807,CORnet_Z,transfer,classify,0.001,4,car,5,both,106,127,0.8346456692913385,,,
812,CORnet_Z,transfer,classify,0.001,4,car,6,both,76,84,0.9047619047619048,,,
809,CORnet_Z,transfer,classify,0.001,4,car,7,both,52,56,0.9285714285714286,,,
817,CORnet_Z,transfer,classify,0.001,4,car,8,both,36,43,0.8372093023255814,,,
815,CORnet_Z,transfer,classify,0.001,4,car,9,both,23,27,0.8518518518518519,,,
323,VGG16,transfer,classify,0.001,1,car,1,both,1218,1233,0.9878345498783456,,,
322,VGG16,transfer,classify,0.001,1,car,2,both,626,655,0.9557251908396946,,,
325,VGG16,transfer,classify,0.001,1,car,3,both,332,355,0.9352112676056338,,,
328,VGG16,transfer,classify,0.001,1,car,4,both,192,211,0.909952606635071,,,
324,VGG16,transfer,classify,0.001,1,car,5,both,104,127,0.8188976377952756,,,
329,VGG16,transfer,classify,0.001,1,car,6,both,80,84,0.9523809523809524,,,
326,VGG16,transfer,classify,0.001,1,car,7,both,53,56,0.9464285714285714,,,
334,VGG16,transfer,classify,0.001,1,car,8,both,39,43,0.9069767441860463,,,
332,VGG16,transfer,classify,0.001,1,car,9,both,23,27,0.8518518518518519,,,
392,VGG16,transfer,classify,0.001,2,car,1,both,1217,1233,0.9870235198702352,,,
391,VGG16,transfer,classify,0.001,2,car,2,both,625,655,0.9541984732824428,,,
394,VGG16,transfer,classify,0.001,2,car,3,both,329,355,0.9267605633802816,,,
397,VGG16,transfer,classify,0.001,2,car,4,both,194,211,0.919431279620853,,,
393,VGG16,transfer,classify,0.001,2,car,5,both,104,127,0.8188976377952756,,,
398,VGG16,transfer,classify,0.001,2,car,6,both,80,84,0.9523809523809524,,,
395,VGG16,transfer,classify,0.001,2,car,7,both,52,56,0.9285714285714286,,,
403,VGG16,transfer,classify,0.001,2,car,8,both,39,43,0.9069767441860463,,,
401,VGG16,transfer,classify,0.001,2,car,9,both,23,27,0.8518518518518519,,,
461,VGG16,transfer,classify,0.001,3,car,1,both,1214,1233,0.9845904298459044,,,
460,VGG16,transfer,classify,0.001,3,car,2,both,622,655,0.9496183206106872,,,
463,VGG16,transfer,classify,0.001,3,car,3,both,326,355,0.9183098591549296,,,
466,VGG16,transfer,classify,0.001,3,car,4,both,193,211,0.914691943127962,,,
462,VGG16,transfer,classify,0.001,3,car,5,both,107,127,0.84251968503937,,,
467,VGG16,transfer,classify,0.001,3,car,6,both,80,84,0.9523809523809524,,,
464,VGG16,transfer,classify,0.001,3,car,7,both,53,56,0.9464285714285714,,,
472,VGG16,transfer,classify,0.001,3,car,8,both,39,43,0.9069767441860463,,,
470,VGG16,transfer,classify,0.001,3,car,9,both,24,27,0.8888888888888888,,,
530,VGG16,transfer,classify,0.001,4,car,1,both,1214,1233,0.9845904298459044,,,
529,VGG16,transfer,classify,0.001,4,car,2,both,622,655,0.9496183206106872,,,
532,VGG16,transfer,classify,0.001,4,car,3,both,329,355,0.9267605633802816,,,
535,VGG16,transfer,classify,0.001,4,car,4,both,192,211,0.909952606635071,,,
531,VGG16,transfer,classify,0.001,4,car,5,both,109,127,0.8582677165354331,,,
536,VGG16,transfer,classify,0.001,4,car,6,both,81,84,0.9642857142857144,,,
533,VGG16,transfer,classify,0.001,4,car,7,both,54,56,0.9642857142857144,,,
541,VGG16,transfer,classify,0.001,4,car,8,both,39,43,0.9069767441860463,,,
539,VGG16,transfer,classify,0.001,4,car,9,both,23,27,0.8518518518518519,,,
47,alexnet,transfer,classify,0.001,1,car,1,both,1190,1233,0.9651257096512572,,,
46,alexnet,transfer,classify,0.001,1,car,2,both,618,655,0.9435114503816794,,,
49,alexnet,transfer,classify,0.001,1,car,3,both,322,355,0.9070422535211268,,,
52,alexnet,transfer,classify,0.001,1,car,4,both,191,211,0.90521327014218,,,
48,alexnet,transfer,classify,0.001,1,car,5,both,105,127,0.8267716535433071,,,
53,alexnet,transfer,classify,0.001,1,car,6,both,78,84,0.9285714285714286,,,
50,alexnet,transfer,classify,0.001,1,car,7,both,51,56,0.9107142857142856,,,
58,alexnet,transfer,classify,0.001,1,car,8,both,38,43,0.8837209302325582,,,
56,alexnet,transfer,classify,0.001,1,car,9,both,23,27,0.8518518518518519,,,
116,alexnet,transfer,classify,0.001,2,car,1,both,1197,1233,0.9708029197080292,,,
115,alexnet,transfer,classify,0.001,2,car,2,both,619,655,0.9450381679389313,,,
118,alexnet,transfer,classify,0.001,2,car,3,both,321,355,0.904225352112676,,,
121,alexnet,transfer,classify,0.001,2,car,4,both,191,211,0.90521327014218,,,
117,alexnet,transfer,classify,0.001,2,car,5,both,105,127,0.8267716535433071,,,
122,alexnet,transfer,classify,0.001,2,car,6,both,77,84,0.9166666666666666,,,
119,alexnet,transfer,classify,0.001,2,car,7,both,53,56,0.9464285714285714,,,
127,alexnet,transfer,classify,0.001,2,car,8,both,38,43,0.8837209302325582,,,
125,alexnet,transfer,classify,0.001,2,car,9,both,23,27,0.8518518518518519,,,
185,alexnet,transfer,classify,0.001,3,car,1,both,1197,1233,0.9708029197080292,,,
184,alexnet,transfer,classify,0.001,3,car,2,both,620,655,0.9465648854961832,,,
187,alexnet,transfer,classify,0.001,3,car,3,both,320,355,0.9014084507042254,,,
190,alexnet,transfer,classify,0.001,3,car,4,both,192,211,0.909952606635071,,,
186,alexnet,transfer,classify,0.001,3,car,5,both,103,127,0.8110236220472441,,,
191,alexnet,transfer,classify,0.001,3,car,6,both,78,84,0.9285714285714286,,,
188,alexnet,transfer,classify,0.001,3,car,7,both,52,56,0.9285714285714286,,,
196,alexnet,transfer,classify,0.001,3,car,8,both,36,43,0.8372093023255814,,,
194,alexnet,transfer,classify,0.001,3,car,9,both,25,27,0.925925925925926,,,
254,alexnet,transfer,classify,0.001,4,car,1,both,1199,1233,0.9724249797242498,,,
253,alexnet,transfer,classify,0.001,4,car,2,both,621,655,0.9480916030534352,,,
256,alexnet,transfer,classify,0.001,4,car,3,both,323,355,0.9098591549295776,,,
259,alexnet,transfer,classify,0.001,4,car,4,both,186,211,0.8815165876777251,,,
255,alexnet,transfer,classify,0.001,4,car,5,both,104,127,0.8188976377952756,,,
260,alexnet,transfer,classify,0.001,4,car,6,both,79,84,0.9404761904761904,,,
257,alexnet,transfer,classify,0.001,4,car,7,both,50,56,0.8928571428571429,,,
265,alexnet,transfer,classify,0.001,4,car,8,both,39,43,0.9069767441860463,,,
263,alexnet,transfer,classify,0.001,4,car,9,both,24,27,0.8888888888888888,,,
875,CORnet_S,transfer,classify,0.001,1,cat,1,both,1191,1233,0.9659367396593674,,,
874,CORnet_S,transfer,classify,0.001,1,cat,2,both,626,655,0.9557251908396946,,,
877,CORnet_S,transfer,classify,0.001,1,cat,3,both,339,355,0.9549295774647888,,,
880,CORnet_S,transfer,classify,0.001,1,cat,4,both,205,211,0.971563981042654,,,
876,CORnet_S,transfer,classify,0.001,1,cat,5,both,123,127,0.968503937007874,,,
881,CORnet_S,transfer,classify,0.001,1,cat,6,both,84,84,1.0,,,
878,CORnet_S,transfer,classify,0.001,1,cat,7,both,56,56,1.0,,,
886,CORnet_S,transfer,classify,0.001,1,cat,8,both,43,43,1.0,,,
884,CORnet_S,transfer,classify,0.001,1,cat,9,both,27,27,1.0,,,
944,CORnet_S,transfer,classify,0.001,2,cat,1,both,1192,1233,0.9667477696674776,,,
943,CORnet_S,transfer,classify,0.001,2,cat,2,both,630,655,0.9618320610687024,,,
946,CORnet_S,transfer,classify,0.001,2,cat,3,both,341,355,0.9605633802816902,,,
949,CORnet_S,transfer,classify,0.001,2,cat,4,both,205,211,0.971563981042654,,,
945,CORnet_S,transfer,classify,0.001,2,cat,5,both,123,127,0.968503937007874,,,
950,CORnet_S,transfer,classify,0.001,2,cat,6,both,83,84,0.988095238095238,,,
947,CORnet_S,transfer,classify,0.001,2,cat,7,both,56,56,1.0,,,
955,CORnet_S,transfer,classify,0.001,2,cat,8,both,43,43,1.0,,,
953,CORnet_S,transfer,classify,0.001,2,cat,9,both,27,27,1.0,,,
1013,CORnet_S,transfer,classify,0.001,3,cat,1,both,1194,1233,0.9683698296836984,,,
1012,CORnet_S,transfer,classify,0.001,3,cat,2,both,628,655,0.9587786259541984,,,
1015,CORnet_S,transfer,classify,0.001,3,cat,3,both,340,355,0.9577464788732394,,,
1018,CORnet_S,transfer,classify,0.001,3,cat,4,both,205,211,0.971563981042654,,,
1014,CORnet_S,transfer,classify,0.001,3,cat,5,both,124,127,0.9763779527559056,,,
1019,CORnet_S,transfer,classify,0.001,3,cat,6,both,84,84,1.0,,,
1016,CORnet_S,transfer,classify,0.001,3,cat,7,both,56,56,1.0,,,
1024,CORnet_S,transfer,classify,0.001,3,cat,8,both,43,43,1.0,,,
1022,CORnet_S,transfer,classify,0.001,3,cat,9,both,27,27,1.0,,,
1082,CORnet_S,transfer,classify,0.001,4,cat,1,both,1197,1233,0.9708029197080292,,,
1081,CORnet_S,transfer,classify,0.001,4,cat,2,both,630,655,0.9618320610687024,,,
1084,CORnet_S,transfer,classify,0.001,4,cat,3,both,340,355,0.9577464788732394,,,
1087,CORnet_S,transfer,classify,0.001,4,cat,4,both,205,211,0.971563981042654,,,
1083,CORnet_S,transfer,classify,0.001,4,cat,5,both,123,127,0.968503937007874,,,
1088,CORnet_S,transfer,classify,0.001,4,cat,6,both,84,84,1.0,,,
1085,CORnet_S,transfer,classify,0.001,4,cat,7,both,56,56,1.0,,,
1093,CORnet_S,transfer,classify,0.001,4,cat,8,both,43,43,1.0,,,
1091,CORnet_S,transfer,classify,0.001,4,cat,9,both,27,27,1.0,,,
599,CORnet_Z,transfer,classify,0.001,1,cat,1,both,1147,1233,0.9302514193025142,,,
598,CORnet_Z,transfer,classify,0.001,1,cat,2,both,611,655,0.932824427480916,,,
601,CORnet_Z,transfer,classify,0.001,1,cat,3,both,335,355,0.943661971830986,,,
604,CORnet_Z,transfer,classify,0.001,1,cat,4,both,206,211,0.976303317535545,,,
600,CORnet_Z,transfer,classify,0.001,1,cat,5,both,124,127,0.9763779527559056,,,
605,CORnet_Z,transfer,classify,0.001,1,cat,6,both,84,84,1.0,,,
602,CORnet_Z,transfer,classify,0.001,1,cat,7,both,56,56,1.0,,,
610,CORnet_Z,transfer,classify,0.001,1,cat,8,both,43,43,1.0,,,
608,CORnet_Z,transfer,classify,0.001,1,cat,9,both,27,27,1.0,,,
668,CORnet_Z,transfer,classify,0.001,2,cat,1,both,1150,1233,0.9326845093268452,,,
667,CORnet_Z,transfer,classify,0.001,2,cat,2,both,612,655,0.934351145038168,,,
670,CORnet_Z,transfer,classify,0.001,2,cat,3,both,336,355,0.9464788732394366,,,
673,CORnet_Z,transfer,classify,0.001,2,cat,4,both,205,211,0.971563981042654,,,
669,CORnet_Z,transfer,classify,0.001,2,cat,5,both,123,127,0.968503937007874,,,
674,CORnet_Z,transfer,classify,0.001,2,cat,6,both,84,84,1.0,,,
671,CORnet_Z,transfer,classify,0.001,2,cat,7,both,56,56,1.0,,,
679,CORnet_Z,transfer,classify,0.001,2,cat,8,both,43,43,1.0,,,
677,CORnet_Z,transfer,classify,0.001,2,cat,9,both,27,27,1.0,,,
737,CORnet_Z,transfer,classify,0.001,3,cat,1,both,1159,1233,0.9399837793998378,,,
736,CORnet_Z,transfer,classify,0.001,3,cat,2,both,612,655,0.934351145038168,,,
739,CORnet_Z,transfer,classify,0.001,3,cat,3,both,336,355,0.9464788732394366,,,
742,CORnet_Z,transfer,classify,0.001,3,cat,4,both,205,211,0.971563981042654,,,
738,CORnet_Z,transfer,classify,0.001,3,cat,5,both,124,127,0.9763779527559056,,,
743,CORnet_Z,transfer,classify,0.001,3,cat,6,both,83,84,0.988095238095238,,,
740,CORnet_Z,transfer,classify,0.001,3,cat,7,both,56,56,1.0,,,
748,CORnet_Z,transfer,classify,0.001,3,cat,8,both,43,43,1.0,,,
746,CORnet_Z,transfer,classify,0.001,3,cat,9,both,27,27,1.0,,,
806,CORnet_Z,transfer,classify,0.001,4,cat,1,both,1149,1233,0.9318734793187348,,,
805,CORnet_Z,transfer,classify,0.001,4,cat,2,both,606,655,0.9251908396946564,,,
808,CORnet_Z,transfer,classify,0.001,4,cat,3,both,336,355,0.9464788732394366,,,
811,CORnet_Z,transfer,classify,0.001,4,cat,4,both,206,211,0.976303317535545,,,
807,CORnet_Z,transfer,classify,0.001,4,cat,5,both,123,127,0.968503937007874,,,
812,CORnet_Z,transfer,classify,0.001,4,cat,6,both,84,84,1.0,,,
809,CORnet_Z,transfer,classify,0.001,4,cat,7,both,56,56,1.0,,,
817,CORnet_Z,transfer,classify,0.001,4,cat,8,both,43,43,1.0,,,
815,CORnet_Z,transfer,classify,0.001,4,cat,9,both,27,27,1.0,,,
323,VGG16,transfer,classify,0.001,1,cat,1,both,1222,1233,0.9910786699107867,,,
322,VGG16,transfer,classify,0.001,1,cat,2,both,641,655,0.9786259541984732,,,
325,VGG16,transfer,classify,0.001,1,cat,3,both,347,355,0.9774647887323944,,,
328,VGG16,transfer,classify,0.001,1,cat,4,both,206,211,0.976303317535545,,,
324,VGG16,transfer,classify,0.001,1,cat,5,both,125,127,0.984251968503937,,,
329,VGG16,transfer,classify,0.001,1,cat,6,both,84,84,1.0,,,
326,VGG16,transfer,classify,0.001,1,cat,7,both,56,56,1.0,,,
334,VGG16,transfer,classify,0.001,1,cat,8,both,43,43,1.0,,,
332,VGG16,transfer,classify,0.001,1,cat,9,both,27,27,1.0,,,
392,VGG16,transfer,classify,0.001,2,cat,1,both,1222,1233,0.9910786699107867,,,
391,VGG16,transfer,classify,0.001,2,cat,2,both,643,655,0.981679389312977,,,
394,VGG16,transfer,classify,0.001,2,cat,3,both,347,355,0.9774647887323944,,,
397,VGG16,transfer,classify,0.001,2,cat,4,both,208,211,0.985781990521327,,,
393,VGG16,transfer,classify,0.001,2,cat,5,both,126,127,0.9921259842519684,,,
398,VGG16,transfer,classify,0.001,2,cat,6,both,84,84,1.0,,,
395,VGG16,transfer,classify,0.001,2,cat,7,both,56,56,1.0,,,
403,VGG16,transfer,classify,0.001,2,cat,8,both,43,43,1.0,,,
401,VGG16,transfer,classify,0.001,2,cat,9,both,27,27,1.0,,,
461,VGG16,transfer,classify,0.001,3,cat,1,both,1223,1233,0.991889699918897,,,
460,VGG16,transfer,classify,0.001,3,cat,2,both,642,655,0.9801526717557252,,,
463,VGG16,transfer,classify,0.001,3,cat,3,both,348,355,0.9802816901408452,,,
466,VGG16,transfer,classify,0.001,3,cat,4,both,208,211,0.985781990521327,,,
462,VGG16,transfer,classify,0.001,3,cat,5,both,125,127,0.984251968503937,,,
467,VGG16,transfer,classify,0.001,3,cat,6,both,84,84,1.0,,,
464,VGG16,transfer,classify,0.001,3,cat,7,both,56,56,1.0,,,
472,VGG16,transfer,classify,0.001,3,cat,8,both,43,43,1.0,,,
470,VGG16,transfer,classify,0.001,3,cat,9,both,27,27,1.0,,,
530,VGG16,transfer,classify,0.001,4,cat,1,both,1223,1233,0.991889699918897,,,
529,VGG16,transfer,classify,0.001,4,cat,2,both,640,655,0.9770992366412212,,,
532,VGG16,transfer,classify,0.001,4,cat,3,both,346,355,0.9746478873239436,,,
535,VGG16,transfer,classify,0.001,4,cat,4,both,207,211,0.981042654028436,,,
531,VGG16,transfer,classify,0.001,4,cat,5,both,125,127,0.984251968503937,,,
536,VGG16,transfer,classify,0.001,4,cat,6,both,84,84,1.0,,,
533,VGG16,transfer,classify,0.001,4,cat,7,both,56,56,1.0,,,
541,VGG16,transfer,classify,0.001,4,cat,8,both,43,43,1.0,,,
539,VGG16,transfer,classify,0.001,4,cat,9,both,27,27,1.0,,,
47,alexnet,transfer,classify,0.001,1,cat,1,both,1188,1233,0.9635036496350364,,,
46,alexnet,transfer,classify,0.001,1,cat,2,both,626,655,0.9557251908396946,,,
49,alexnet,transfer,classify,0.001,1,cat,3,both,338,355,0.952112676056338,,,
52,alexnet,transfer,classify,0.001,1,cat,4,both,205,211,0.971563981042654,,,
48,alexnet,transfer,classify,0.001,1,cat,5,both,123,127,0.968503937007874,,,
53,alexnet,transfer,classify,0.001,1,cat,6,both,84,84,1.0,,,
50,alexnet,transfer,classify,0.001,1,cat,7,both,56,56,1.0,,,
58,alexnet,transfer,classify,0.001,1,cat,8,both,43,43,1.0,,,
56,alexnet,transfer,classify,0.001,1,cat,9,both,27,27,1.0,,,
116,alexnet,transfer,classify,0.001,2,cat,1,both,1188,1233,0.9635036496350364,,,
115,alexnet,transfer,classify,0.001,2,cat,2,both,626,655,0.9557251908396946,,,
118,alexnet,transfer,classify,0.001,2,cat,3,both,336,355,0.9464788732394366,,,
121,alexnet,transfer,classify,0.001,2,cat,4,both,205,211,0.971563981042654,,,
117,alexnet,transfer,classify,0.001,2,cat,5,both,123,127,0.968503937007874,,,
122,alexnet,transfer,classify,0.001,2,cat,6,both,84,84,1.0,,,
119,alexnet,transfer,classify,0.001,2,cat,7,both,56,56,1.0,,,
127,alexnet,transfer,classify,0.001,2,cat,8,both,43,43,1.0,,,
125,alexnet,transfer,classify,0.001,2,cat,9,both,27,27,1.0,,,
185,alexnet,transfer,classify,0.001,3,cat,1,both,1188,1233,0.9635036496350364,,,
184,alexnet,transfer,classify,0.001,3,cat,2,both,629,655,0.9603053435114504,,,
187,alexnet,transfer,classify,0.001,3,cat,3,both,340,355,0.9577464788732394,,,
190,alexnet,transfer,classify,0.001,3,cat,4,both,206,211,0.976303317535545,,,
186,alexnet,transfer,classify,0.001,3,cat,5,both,123,127,0.968503937007874,,,
191,alexnet,transfer,classify,0.001,3,cat,6,both,84,84,1.0,,,
188,alexnet,transfer,classify,0.001,3,cat,7,both,56,56,1.0,,,
196,alexnet,transfer,classify,0.001,3,cat,8,both,43,43,1.0,,,
194,alexnet,transfer,classify,0.001,3,cat,9,both,27,27,1.0,,,
254,alexnet,transfer,classify,0.001,4,cat,1,both,1189,1233,0.9643146796431468,,,
253,alexnet,transfer,classify,0.001,4,cat,2,both,628,655,0.9587786259541984,,,
256,alexnet,transfer,classify,0.001,4,cat,3,both,338,355,0.952112676056338,,,
259,alexnet,transfer,classify,0.001,4,cat,4,both,205,211,0.971563981042654,,,
255,alexnet,transfer,classify,0.001,4,cat,5,both,123,127,0.968503937007874,,,
260,alexnet,transfer,classify,0.001,4,cat,6,both,84,84,1.0,,,
257,alexnet,transfer,classify,0.001,4,cat,7,both,56,56,1.0,,,
265,alexnet,transfer,classify,0.001,4,cat,8,both,43,43,1.0,,,
263,alexnet,transfer,classify,0.001,4,cat,9,both,27,27,1.0,,,
875,CORnet_S,transfer,classify,0.001,1,dog,1,both,1182,1233,0.9586374695863747,,,
874,CORnet_S,transfer,classify,0.001,1,dog,2,both,625,655,0.9541984732824428,,,
877,CORnet_S,transfer,classify,0.001,1,dog,3,both,340,355,0.9577464788732394,,,
880,CORnet_S,transfer,classify,0.001,1,dog,4,both,198,211,0.9383886255924172,,,
876,CORnet_S,transfer,classify,0.001,1,dog,5,both,124,127,0.9763779527559056,,,
881,CORnet_S,transfer,classify,0.001,1,dog,6,both,80,84,0.9523809523809524,,,
878,CORnet_S,transfer,classify,0.001,1,dog,7,both,52,56,0.9285714285714286,,,
886,CORnet_S,transfer,classify,0.001,1,dog,8,both,41,43,0.9534883720930232,,,
884,CORnet_S,transfer,classify,0.001,1,dog,9,both,26,27,0.9629629629629628,,,
944,CORnet_S,transfer,classify,0.001,2,dog,1,both,1182,1233,0.9586374695863747,,,
943,CORnet_S,transfer,classify,0.001,2,dog,2,both,620,655,0.9465648854961832,,,
946,CORnet_S,transfer,classify,0.001,2,dog,3,both,341,355,0.9605633802816902,,,
949,CORnet_S,transfer,classify,0.001,2,dog,4,both,198,211,0.9383886255924172,,,
945,CORnet_S,transfer,classify,0.001,2,dog,5,both,121,127,0.952755905511811,,,
950,CORnet_S,transfer,classify,0.001,2,dog,6,both,80,84,0.9523809523809524,,,
947,CORnet_S,transfer,classify,0.001,2,dog,7,both,52,56,0.9285714285714286,,,
955,CORnet_S,transfer,classify,0.001,2,dog,8,both,41,43,0.9534883720930232,,,
953,CORnet_S,transfer,classify,0.001,2,dog,9,both,26,27,0.9629629629629628,,,
1013,CORnet_S,transfer,classify,0.001,3,dog,1,both,1167,1233,0.94647201946472,,,
1012,CORnet_S,transfer,classify,0.001,3,dog,2,both,620,655,0.9465648854961832,,,
1015,CORnet_S,transfer,classify,0.001,3,dog,3,both,338,355,0.952112676056338,,,
1018,CORnet_S,transfer,classify,0.001,3,dog,4,both,197,211,0.933649289099526,,,
1014,CORnet_S,transfer,classify,0.001,3,dog,5,both,122,127,0.9606299212598424,,,
1019,CORnet_S,transfer,classify,0.001,3,dog,6,both,79,84,0.9404761904761904,,,
1016,CORnet_S,transfer,classify,0.001,3,dog,7,both,51,56,0.9107142857142856,,,
1024,CORnet_S,transfer,classify,0.001,3,dog,8,both,41,43,0.9534883720930232,,,
1022,CORnet_S,transfer,classify,0.001,3,dog,9,both,26,27,0.9629629629629628,,,
1082,CORnet_S,transfer,classify,0.001,4,dog,1,both,1185,1233,0.9610705596107056,,,
1081,CORnet_S,transfer,classify,0.001,4,dog,2,both,620,655,0.9465648854961832,,,
1084,CORnet_S,transfer,classify,0.001,4,dog,3,both,345,355,0.971830985915493,,,
1087,CORnet_S,transfer,classify,0.001,4,dog,4,both,198,211,0.9383886255924172,,,
1083,CORnet_S,transfer,classify,0.001,4,dog,5,both,121,127,0.952755905511811,,,
1088,CORnet_S,transfer,classify,0.001,4,dog,6,both,80,84,0.9523809523809524,,,
1085,CORnet_S,transfer,classify,0.001,4,dog,7,both,52,56,0.9285714285714286,,,
1093,CORnet_S,transfer,classify,0.001,4,dog,8,both,40,43,0.9302325581395348,,,
1091,CORnet_S,transfer,classify,0.001,4,dog,9,both,26,27,0.9629629629629628,,,
599,CORnet_Z,transfer,classify,0.001,1,dog,1,both,1133,1233,0.91889699918897,,,
598,CORnet_Z,transfer,classify,0.001,1,dog,2,both,597,655,0.9114503816793892,,,
601,CORnet_Z,transfer,classify,0.001,1,dog,3,both,331,355,0.9323943661971832,,,
604,CORnet_Z,transfer,classify,0.001,1,dog,4,both,194,211,0.919431279620853,,,
600,CORnet_Z,transfer,classify,0.001,1,dog,5,both,117,127,0.9212598425196852,,,
605,CORnet_Z,transfer,classify,0.001,1,dog,6,both,79,84,0.9404761904761904,,,
602,CORnet_Z,transfer,classify,0.001,1,dog,7,both,51,56,0.9107142857142856,,,
610,CORnet_Z,transfer,classify,0.001,1,dog,8,both,41,43,0.9534883720930232,,,
608,CORnet_Z,transfer,classify,0.001,1,dog,9,both,25,27,0.925925925925926,,,
668,CORnet_Z,transfer,classify,0.001,2,dog,1,both,1131,1233,0.9172749391727494,,,
667,CORnet_Z,transfer,classify,0.001,2,dog,2,both,600,655,0.916030534351145,,,
670,CORnet_Z,transfer,classify,0.001,2,dog,3,both,333,355,0.9380281690140844,,,
673,CORnet_Z,transfer,classify,0.001,2,dog,4,both,197,211,0.933649289099526,,,
669,CORnet_Z,transfer,classify,0.001,2,dog,5,both,117,127,0.9212598425196852,,,
674,CORnet_Z,transfer,classify,0.001,2,dog,6,both,79,84,0.9404761904761904,,,
671,CORnet_Z,transfer,classify,0.001,2,dog,7,both,49,56,0.875,,,
679,CORnet_Z,transfer,classify,0.001,2,dog,8,both,40,43,0.9302325581395348,,,
677,CORnet_Z,transfer,classify,0.001,2,dog,9,both,24,27,0.8888888888888888,,,
737,CORnet_Z,transfer,classify,0.001,3,dog,1,both,1140,1233,0.924574209245742,,,
736,CORnet_Z,transfer,classify,0.001,3,dog,2,both,603,655,0.9206106870229008,,,
739,CORnet_Z,transfer,classify,0.001,3,dog,3,both,329,355,0.9267605633802816,,,
742,CORnet_Z,transfer,classify,0.001,3,dog,4,both,197,211,0.933649289099526,,,
738,CORnet_Z,transfer,classify,0.001,3,dog,5,both,119,127,0.937007874015748,,,
743,CORnet_Z,transfer,classify,0.001,3,dog,6,both,80,84,0.9523809523809524,,,
740,CORnet_Z,transfer,classify,0.001,3,dog,7,both,51,56,0.9107142857142856,,,
748,CORnet_Z,transfer,classify,0.001,3,dog,8,both,41,43,0.9534883720930232,,,
746,CORnet_Z,transfer,classify,0.001,3,dog,9,both,25,27,0.925925925925926,,,
806,CORnet_Z,transfer,classify,0.001,4,dog,1,both,1141,1233,0.9253852392538524,,,
805,CORnet_Z,transfer,classify,0.001,4,dog,2,both,599,655,0.9145038167938933,,,
808,CORnet_Z,transfer,classify,0.001,4,dog,3,both,332,355,0.9352112676056338,,,
811,CORnet_Z,transfer,classify,0.001,4,dog,4,both,197,211,0.933649289099526,,,
807,CORnet_Z,transfer,classify,0.001,4,dog,5,both,118,127,0.9291338582677166,,,
812,CORnet_Z,transfer,classify,0.001,4,dog,6,both,78,84,0.9285714285714286,,,
809,CORnet_Z,transfer,classify,0.001,4,dog,7,both,49,56,0.875,,,
817,CORnet_Z,transfer,classify,0.001,4,dog,8,both,41,43,0.9534883720930232,,,
815,CORnet_Z,transfer,classify,0.001,4,dog,9,both,25,27,0.925925925925926,,,
323,VGG16,transfer,classify,0.001,1,dog,1,both,1215,1233,0.9854014598540146,,,
322,VGG16,transfer,classify,0.001,1,dog,2,both,638,655,0.9740458015267176,,,
325,VGG16,transfer,classify,0.001,1,dog,3,both,349,355,0.9830985915492958,,,
328,VGG16,transfer,classify,0.001,1,dog,4,both,204,211,0.966824644549763,,,
324,VGG16,transfer,classify,0.001,1,dog,5,both,122,127,0.9606299212598424,,,
329,VGG16,transfer,classify,0.001,1,dog,6,both,81,84,0.9642857142857144,,,
326,VGG16,transfer,classify,0.001,1,dog,7,both,53,56,0.9464285714285714,,,
334,VGG16,transfer,classify,0.001,1,dog,8,both,43,43,1.0,,,
332,VGG16,transfer,classify,0.001,1,dog,9,both,26,27,0.9629629629629628,,,
392,VGG16,transfer,classify,0.001,2,dog,1,both,1213,1233,0.983779399837794,,,
391,VGG16,transfer,classify,0.001,2,dog,2,both,640,655,0.9770992366412212,,,
394,VGG16,transfer,classify,0.001,2,dog,3,both,349,355,0.9830985915492958,,,
397,VGG16,transfer,classify,0.001,2,dog,4,both,206,211,0.976303317535545,,,
393,VGG16,transfer,classify,0.001,2,dog,5,both,124,127,0.9763779527559056,,,
398,VGG16,transfer,classify,0.001,2,dog,6,both,82,84,0.9761904761904762,,,
395,VGG16,transfer,classify,0.001,2,dog,7,both,53,56,0.9464285714285714,,,
403,VGG16,transfer,classify,0.001,2,dog,8,both,43,43,1.0,,,
401,VGG16,transfer,classify,0.001,2,dog,9,both,26,27,0.9629629629629628,,,
461,VGG16,transfer,classify,0.001,3,dog,1,both,1211,1233,0.9821573398215734,,,
460,VGG16,transfer,classify,0.001,3,dog,2,both,639,655,0.9755725190839696,,,
463,VGG16,transfer,classify,0.001,3,dog,3,both,349,355,0.9830985915492958,,,
466,VGG16,transfer,classify,0.001,3,dog,4,both,204,211,0.966824644549763,,,
462,VGG16,transfer,classify,0.001,3,dog,5,both,124,127,0.9763779527559056,,,
467,VGG16,transfer,classify,0.001,3,dog,6,both,82,84,0.9761904761904762,,,
464,VGG16,transfer,classify,0.001,3,dog,7,both,53,56,0.9464285714285714,,,
472,VGG16,transfer,classify,0.001,3,dog,8,both,43,43,1.0,,,
470,VGG16,transfer,classify,0.001,3,dog,9,both,26,27,0.9629629629629628,,,
530,VGG16,transfer,classify,0.001,4,dog,1,both,1212,1233,0.9829683698296836,,,
529,VGG16,transfer,classify,0.001,4,dog,2,both,643,655,0.981679389312977,,,
532,VGG16,transfer,classify,0.001,4,dog,3,both,350,355,0.9859154929577464,,,
535,VGG16,transfer,classify,0.001,4,dog,4,both,205,211,0.971563981042654,,,
531,VGG16,transfer,classify,0.001,4,dog,5,both,122,127,0.9606299212598424,,,
536,VGG16,transfer,classify,0.001,4,dog,6,both,82,84,0.9761904761904762,,,
533,VGG16,transfer,classify,0.001,4,dog,7,both,53,56,0.9464285714285714,,,
541,VGG16,transfer,classify,0.001,4,dog,8,both,43,43,1.0,,,
539,VGG16,transfer,classify,0.001,4,dog,9,both,26,27,0.9629629629629628,,,
47,alexnet,transfer,classify,0.001,1,dog,1,both,1177,1233,0.9545823195458232,,,
46,alexnet,transfer,classify,0.001,1,dog,2,both,612,655,0.934351145038168,,,
49,alexnet,transfer,classify,0.001,1,dog,3,both,339,355,0.9549295774647888,,,
52,alexnet,transfer,classify,0.001,1,dog,4,both,198,211,0.9383886255924172,,,
48,alexnet,transfer,classify,0.001,1,dog,5,both,122,127,0.9606299212598424,,,
53,alexnet,transfer,classify,0.001,1,dog,6,both,80,84,0.9523809523809524,,,
50,alexnet,transfer,classify,0.001,1,dog,7,both,52,56,0.9285714285714286,,,
58,alexnet,transfer,classify,0.001,1,dog,8,both,41,43,0.9534883720930232,,,
56,alexnet,transfer,classify,0.001,1,dog,9,both,26,27,0.9629629629629628,,,
116,alexnet,transfer,classify,0.001,2,dog,1,both,1170,1233,0.948905109489051,,,
115,alexnet,transfer,classify,0.001,2,dog,2,both,615,655,0.9389312977099236,,,
118,alexnet,transfer,classify,0.001,2,dog,3,both,338,355,0.952112676056338,,,
121,alexnet,transfer,classify,0.001,2,dog,4,both,199,211,0.943127962085308,,,
117,alexnet,transfer,classify,0.001,2,dog,5,both,120,127,0.9448818897637796,,,
122,alexnet,transfer,classify,0.001,2,dog,6,both,80,84,0.9523809523809524,,,
119,alexnet,transfer,classify,0.001,2,dog,7,both,52,56,0.9285714285714286,,,
127,alexnet,transfer,classify,0.001,2,dog,8,both,42,43,0.9767441860465116,,,
125,alexnet,transfer,classify,0.001,2,dog,9,both,26,27,0.9629629629629628,,,
185,alexnet,transfer,classify,0.001,3,dog,1,both,1163,1233,0.943227899432279,,,
184,alexnet,transfer,classify,0.001,3,dog,2,both,610,655,0.931297709923664,,,
187,alexnet,transfer,classify,0.001,3,dog,3,both,340,355,0.9577464788732394,,,
190,alexnet,transfer,classify,0.001,3,dog,4,both,202,211,0.957345971563981,,,
186,alexnet,transfer,classify,0.001,3,dog,5,both,120,127,0.9448818897637796,,,
191,alexnet,transfer,classify,0.001,3,dog,6,both,80,84,0.9523809523809524,,,
188,alexnet,transfer,classify,0.001,3,dog,7,both,52,56,0.9285714285714286,,,
196,alexnet,transfer,classify,0.001,3,dog,8,both,42,43,0.9767441860465116,,,
194,alexnet,transfer,classify,0.001,3,dog,9,both,26,27,0.9629629629629628,,,
254,alexnet,transfer,classify,0.001,4,dog,1,both,1169,1233,0.9480940794809408,,,
253,alexnet,transfer,classify,0.001,4,dog,2,both,612,655,0.934351145038168,,,
256,alexnet,transfer,classify,0.001,4,dog,3,both,342,355,0.9633802816901408,,,
259,alexnet,transfer,classify,0.001,4,dog,4,both,200,211,0.9478672985781992,,,
255,alexnet,transfer,classify,0.001,4,dog,5,both,120,127,0.9448818897637796,,,
260,alexnet,transfer,classify,0.001,4,dog,6,both,80,84,0.9523809523809524,,,
257,alexnet,transfer,classify,0.001,4,dog,7,both,53,56,0.9464285714285714,,,
265,alexnet,transfer,classify,0.001,4,dog,8,both,41,43,0.9534883720930232,,,
263,alexnet,transfer,classify,0.001,4,dog,9,both,26,27,0.9629629629629628,,,
875,CORnet_S,transfer,classify,0.001,1,chair,1,both,1207,1233,0.978913219789132,,,
874,CORnet_S,transfer,classify,0.001,1,chair,2,both,602,655,0.9190839694656489,,,
877,CORnet_S,transfer,classify,0.001,1,chair,3,both,321,355,0.904225352112676,,,
880,CORnet_S,transfer,classify,0.001,1,chair,4,both,184,211,0.8720379146919431,,,
876,CORnet_S,transfer,classify,0.001,1,chair,5,both,102,127,0.8031496062992126,,,
881,CORnet_S,transfer,classify,0.001,1,chair,6,both,69,84,0.8214285714285714,,,
878,CORnet_S,transfer,classify,0.001,1,chair,7,both,46,56,0.8214285714285714,,,
886,CORnet_S,transfer,classify,0.001,1,chair,8,both,37,43,0.8604651162790697,,,
884,CORnet_S,transfer,classify,0.001,1,chair,9,both,24,27,0.8888888888888888,,,
944,CORnet_S,transfer,classify,0.001,2,chair,1,both,1206,1233,0.978102189781022,,,
943,CORnet_S,transfer,classify,0.001,2,chair,2,both,603,655,0.9206106870229008,,,
946,CORnet_S,transfer,classify,0.001,2,chair,3,both,315,355,0.8873239436619719,,,
949,CORnet_S,transfer,classify,0.001,2,chair,4,both,184,211,0.8720379146919431,,,
945,CORnet_S,transfer,classify,0.001,2,chair,5,both,100,127,0.7874015748031497,,,
950,CORnet_S,transfer,classify,0.001,2,chair,6,both,67,84,0.7976190476190477,,,
947,CORnet_S,transfer,classify,0.001,2,chair,7,both,46,56,0.8214285714285714,,,
955,CORnet_S,transfer,classify,0.001,2,chair,8,both,39,43,0.9069767441860463,,,
953,CORnet_S,transfer,classify,0.001,2,chair,9,both,24,27,0.8888888888888888,,,
1013,CORnet_S,transfer,classify,0.001,3,chair,1,both,1211,1233,0.9821573398215734,,,
1012,CORnet_S,transfer,classify,0.001,3,chair,2,both,605,655,0.9236641221374046,,,
1015,CORnet_S,transfer,classify,0.001,3,chair,3,both,319,355,0.8985915492957747,,,
1018,CORnet_S,transfer,classify,0.001,3,chair,4,both,185,211,0.8767772511848341,,,
1014,CORnet_S,transfer,classify,0.001,3,chair,5,both,101,127,0.7952755905511811,,,
1019,CORnet_S,transfer,classify,0.001,3,chair,6,both,69,84,0.8214285714285714,,,
1016,CORnet_S,transfer,classify,0.001,3,chair,7,both,49,56,0.875,,,
1024,CORnet_S,transfer,classify,0.001,3,chair,8,both,37,43,0.8604651162790697,,,
1022,CORnet_S,transfer,classify,0.001,3,chair,9,both,24,27,0.8888888888888888,,,
1082,CORnet_S,transfer,classify,0.001,4,chair,1,both,1201,1233,0.9740470397404704,,,
1081,CORnet_S,transfer,classify,0.001,4,chair,2,both,600,655,0.916030534351145,,,
1084,CORnet_S,transfer,classify,0.001,4,chair,3,both,319,355,0.8985915492957747,,,
1087,CORnet_S,transfer,classify,0.001,4,chair,4,both,184,211,0.8720379146919431,,,
1083,CORnet_S,transfer,classify,0.001,4,chair,5,both,100,127,0.7874015748031497,,,
1088,CORnet_S,transfer,classify,0.001,4,chair,6,both,68,84,0.8095238095238095,,,
1085,CORnet_S,transfer,classify,0.001,4,chair,7,both,47,56,0.8392857142857143,,,
1093,CORnet_S,transfer,classify,0.001,4,chair,8,both,38,43,0.8837209302325582,,,
1091,CORnet_S,transfer,classify,0.001,4,chair,9,both,24,27,0.8888888888888888,,,
599,CORnet_Z,transfer,classify,0.001,1,chair,1,both,1200,1233,0.97323600973236,,,
598,CORnet_Z,transfer,classify,0.001,1,chair,2,both,595,655,0.9083969465648856,,,
601,CORnet_Z,transfer,classify,0.001,1,chair,3,both,314,355,0.8845070422535212,,,
604,CORnet_Z,transfer,classify,0.001,1,chair,4,both,175,211,0.8293838862559242,,,
600,CORnet_Z,transfer,classify,0.001,1,chair,5,both,102,127,0.8031496062992126,,,
605,CORnet_Z,transfer,classify,0.001,1,chair,6,both,66,84,0.7857142857142857,,,
602,CORnet_Z,transfer,classify,0.001,1,chair,7,both,47,56,0.8392857142857143,,,
610,CORnet_Z,transfer,classify,0.001,1,chair,8,both,34,43,0.7906976744186046,,,
608,CORnet_Z,transfer,classify,0.001,1,chair,9,both,24,27,0.8888888888888888,,,
668,CORnet_Z,transfer,classify,0.001,2,chair,1,both,1201,1233,0.9740470397404704,,,
667,CORnet_Z,transfer,classify,0.001,2,chair,2,both,591,655,0.902290076335878,,,
670,CORnet_Z,transfer,classify,0.001,2,chair,3,both,314,355,0.8845070422535212,,,
673,CORnet_Z,transfer,classify,0.001,2,chair,4,both,174,211,0.8246445497630331,,,
669,CORnet_Z,transfer,classify,0.001,2,chair,5,both,102,127,0.8031496062992126,,,
674,CORnet_Z,transfer,classify,0.001,2,chair,6,both,66,84,0.7857142857142857,,,
671,CORnet_Z,transfer,classify,0.001,2,chair,7,both,44,56,0.7857142857142857,,,
679,CORnet_Z,transfer,classify,0.001,2,chair,8,both,34,43,0.7906976744186046,,,
677,CORnet_Z,transfer,classify,0.001,2,chair,9,both,23,27,0.8518518518518519,,,
737,CORnet_Z,transfer,classify,0.001,3,chair,1,both,1203,1233,0.975669099756691,,,
736,CORnet_Z,transfer,classify,0.001,3,chair,2,both,597,655,0.9114503816793892,,,
739,CORnet_Z,transfer,classify,0.001,3,chair,3,both,313,355,0.8816901408450705,,,
742,CORnet_Z,transfer,classify,0.001,3,chair,4,both,176,211,0.8341232227488151,,,
738,CORnet_Z,transfer,classify,0.001,3,chair,5,both,99,127,0.7795275590551181,,,
743,CORnet_Z,transfer,classify,0.001,3,chair,6,both,71,84,0.8452380952380952,,,
740,CORnet_Z,transfer,classify,0.001,3,chair,7,both,43,56,0.7678571428571429,,,
748,CORnet_Z,transfer,classify,0.001,3,chair,8,both,35,43,0.813953488372093,,,
746,CORnet_Z,transfer,classify,0.001,3,chair,9,both,24,27,0.8888888888888888,,,
806,CORnet_Z,transfer,classify,0.001,4,chair,1,both,1195,1233,0.9691808596918086,,,
805,CORnet_Z,transfer,classify,0.001,4,chair,2,both,588,655,0.8977099236641222,,,
808,CORnet_Z,transfer,classify,0.001,4,chair,3,both,310,355,0.8732394366197183,,,
811,CORnet_Z,transfer,classify,0.001,4,chair,4,both,177,211,0.8388625592417062,,,
807,CORnet_Z,transfer,classify,0.001,4,chair,5,both,98,127,0.7716535433070866,,,
812,CORnet_Z,transfer,classify,0.001,4,chair,6,both,68,84,0.8095238095238095,,,
809,CORnet_Z,transfer,classify,0.001,4,chair,7,both,45,56,0.8035714285714286,,,
817,CORnet_Z,transfer,classify,0.001,4,chair,8,both,36,43,0.8372093023255814,,,
815,CORnet_Z,transfer,classify,0.001,4,chair,9,both,24,27,0.8888888888888888,,,
323,VGG16,transfer,classify,0.001,1,chair,1,both,1209,1233,0.9805352798053528,,,
322,VGG16,transfer,classify,0.001,1,chair,2,both,600,655,0.916030534351145,,,
325,VGG16,transfer,classify,0.001,1,chair,3,both,319,355,0.8985915492957747,,,
328,VGG16,transfer,classify,0.001,1,chair,4,both,186,211,0.8815165876777251,,,
324,VGG16,transfer,classify,0.001,1,chair,5,both,104,127,0.8188976377952756,,,
329,VGG16,transfer,classify,0.001,1,chair,6,both,72,84,0.8571428571428571,,,
326,VGG16,transfer,classify,0.001,1,chair,7,both,48,56,0.8571428571428571,,,
334,VGG16,transfer,classify,0.001,1,chair,8,both,41,43,0.9534883720930232,,,
332,VGG16,transfer,classify,0.001,1,chair,9,both,24,27,0.8888888888888888,,,
392,VGG16,transfer,classify,0.001,2,chair,1,both,1212,1233,0.9829683698296836,,,
391,VGG16,transfer,classify,0.001,2,chair,2,both,604,655,0.9221374045801528,,,
394,VGG16,transfer,classify,0.001,2,chair,3,both,320,355,0.9014084507042254,,,
397,VGG16,transfer,classify,0.001,2,chair,4,both,187,211,0.8862559241706162,,,
393,VGG16,transfer,classify,0.001,2,chair,5,both,105,127,0.8267716535433071,,,
398,VGG16,transfer,classify,0.001,2,chair,6,both,72,84,0.8571428571428571,,,
395,VGG16,transfer,classify,0.001,2,chair,7,both,49,56,0.875,,,
403,VGG16,transfer,classify,0.001,2,chair,8,both,38,43,0.8837209302325582,,,
401,VGG16,transfer,classify,0.001,2,chair,9,both,26,27,0.9629629629629628,,,
461,VGG16,transfer,classify,0.001,3,chair,1,both,1210,1233,0.981346309813463,,,
460,VGG16,transfer,classify,0.001,3,chair,2,both,605,655,0.9236641221374046,,,
463,VGG16,transfer,classify,0.001,3,chair,3,both,322,355,0.9070422535211268,,,
466,VGG16,transfer,classify,0.001,3,chair,4,both,186,211,0.8815165876777251,,,
462,VGG16,transfer,classify,0.001,3,chair,5,both,108,127,0.8503937007874016,,,
467,VGG16,transfer,classify,0.001,3,chair,6,both,72,84,0.8571428571428571,,,
464,VGG16,transfer,classify,0.001,3,chair,7,both,48,56,0.8571428571428571,,,
472,VGG16,transfer,classify,0.001,3,chair,8,both,39,43,0.9069767441860463,,,
470,VGG16,transfer,classify,0.001,3,chair,9,both,24,27,0.8888888888888888,,,
530,VGG16,transfer,classify,0.001,4,chair,1,both,1210,1233,0.981346309813463,,,
529,VGG16,transfer,classify,0.001,4,chair,2,both,603,655,0.9206106870229008,,,
532,VGG16,transfer,classify,0.001,4,chair,3,both,320,355,0.9014084507042254,,,
535,VGG16,transfer,classify,0.001,4,chair,4,both,189,211,0.8957345971563981,,,
531,VGG16,transfer,classify,0.001,4,chair,5,both,108,127,0.8503937007874016,,,
536,VGG16,transfer,classify,0.001,4,chair,6,both,71,84,0.8452380952380952,,,
533,VGG16,transfer,classify,0.001,4,chair,7,both,51,56,0.9107142857142856,,,
541,VGG16,transfer,classify,0.001,4,chair,8,both,39,43,0.9069767441860463,,,
539,VGG16,transfer,classify,0.001,4,chair,9,both,24,27,0.8888888888888888,,,
47,alexnet,transfer,classify,0.001,1,chair,1,both,1208,1233,0.9797242497972424,,,
46,alexnet,transfer,classify,0.001,1,chair,2,both,594,655,0.9068702290076336,,,
49,alexnet,transfer,classify,0.001,1,chair,3,both,318,355,0.895774647887324,,,
52,alexnet,transfer,classify,0.001,1,chair,4,both,183,211,0.8672985781990521,,,
48,alexnet,transfer,classify,0.001,1,chair,5,both,101,127,0.7952755905511811,,,
53,alexnet,transfer,classify,0.001,1,chair,6,both,67,84,0.7976190476190477,,,
50,alexnet,transfer,classify,0.001,1,chair,7,both,47,56,0.8392857142857143,,,
58,alexnet,transfer,classify,0.001,1,chair,8,both,37,43,0.8604651162790697,,,
56,alexnet,transfer,classify,0.001,1,chair,9,both,26,27,0.9629629629629628,,,
116,alexnet,transfer,classify,0.001,2,chair,1,both,1209,1233,0.9805352798053528,,,
115,alexnet,transfer,classify,0.001,2,chair,2,both,593,655,0.9053435114503816,,,
118,alexnet,transfer,classify,0.001,2,chair,3,both,318,355,0.895774647887324,,,
121,alexnet,transfer,classify,0.001,2,chair,4,both,183,211,0.8672985781990521,,,
117,alexnet,transfer,classify,0.001,2,chair,5,both,105,127,0.8267716535433071,,,
122,alexnet,transfer,classify,0.001,2,chair,6,both,67,84,0.7976190476190477,,,
119,alexnet,transfer,classify,0.001,2,chair,7,both,45,56,0.8035714285714286,,,
127,alexnet,transfer,classify,0.001,2,chair,8,both,37,43,0.8604651162790697,,,
125,alexnet,transfer,classify,0.001,2,chair,9,both,24,27,0.8888888888888888,,,
185,alexnet,transfer,classify,0.001,3,chair,1,both,1207,1233,0.978913219789132,,,
184,alexnet,transfer,classify,0.001,3,chair,2,both,587,655,0.8961832061068702,,,
187,alexnet,transfer,classify,0.001,3,chair,3,both,315,355,0.8873239436619719,,,
190,alexnet,transfer,classify,0.001,3,chair,4,both,181,211,0.8578199052132701,,,
186,alexnet,transfer,classify,0.001,3,chair,5,both,106,127,0.8346456692913385,,,
191,alexnet,transfer,classify,0.001,3,chair,6,both,70,84,0.8333333333333334,,,
188,alexnet,transfer,classify,0.001,3,chair,7,both,47,56,0.8392857142857143,,,
196,alexnet,transfer,classify,0.001,3,chair,8,both,38,43,0.8837209302325582,,,
194,alexnet,transfer,classify,0.001,3,chair,9,both,23,27,0.8518518518518519,,,
254,alexnet,transfer,classify,0.001,4,chair,1,both,1204,1233,0.9764801297648013,,,
253,alexnet,transfer,classify,0.001,4,chair,2,both,592,655,0.9038167938931296,,,
256,alexnet,transfer,classify,0.001,4,chair,3,both,316,355,0.8901408450704226,,,
259,alexnet,transfer,classify,0.001,4,chair,4,both,185,211,0.8767772511848341,,,
255,alexnet,transfer,classify,0.001,4,chair,5,both,105,127,0.8267716535433071,,,
260,alexnet,transfer,classify,0.001,4,chair,6,both,71,84,0.8452380952380952,,,
257,alexnet,transfer,classify,0.001,4,chair,7,both,47,56,0.8392857142857143,,,
265,alexnet,transfer,classify,0.001,4,chair,8,both,36,43,0.8372093023255814,,,
263,alexnet,transfer,classify,0.001,4,chair,9,both,25,27,0.925925925925926,,,
875,CORnet_S,transfer,classify,0.001,1,person,1,both,1169,1233,0.9480940794809408,,,
874,CORnet_S,transfer,classify,0.001,1,person,2,both,564,655,0.8610687022900764,,,
877,CORnet_S,transfer,classify,0.001,1,person,3,both,295,355,0.8309859154929577,,,
880,CORnet_S,transfer,classify,0.001,1,person,4,both,183,211,0.8672985781990521,,,
876,CORnet_S,transfer,classify,0.001,1,person,5,both,98,127,0.7716535433070866,,,
881,CORnet_S,transfer,classify,0.001,1,person,6,both,74,84,0.8809523809523809,,,
878,CORnet_S,transfer,classify,0.001,1,person,7,both,45,56,0.8035714285714286,,,
886,CORnet_S,transfer,classify,0.001,1,person,8,both,40,43,0.9302325581395348,,,
884,CORnet_S,transfer,classify,0.001,1,person,9,both,20,27,0.7407407407407407,,,
944,CORnet_S,transfer,classify,0.001,2,person,1,both,1174,1233,0.9521492295214924,,,
943,CORnet_S,transfer,classify,0.001,2,person,2,both,559,655,0.8534351145038168,,,
946,CORnet_S,transfer,classify,0.001,2,person,3,both,291,355,0.819718309859155,,,
949,CORnet_S,transfer,classify,0.001,2,person,4,both,184,211,0.8720379146919431,,,
945,CORnet_S,transfer,classify,0.001,2,person,5,both,98,127,0.7716535433070866,,,
950,CORnet_S,transfer,classify,0.001,2,person,6,both,72,84,0.8571428571428571,,,
947,CORnet_S,transfer,classify,0.001,2,person,7,both,47,56,0.8392857142857143,,,
955,CORnet_S,transfer,classify,0.001,2,person,8,both,39,43,0.9069767441860463,,,
953,CORnet_S,transfer,classify,0.001,2,person,9,both,19,27,0.7037037037037037,,,
1013,CORnet_S,transfer,classify,0.001,3,person,1,both,1177,1233,0.9545823195458232,,,
1012,CORnet_S,transfer,classify,0.001,3,person,2,both,555,655,0.8473282442748091,,,
1015,CORnet_S,transfer,classify,0.001,3,person,3,both,295,355,0.8309859154929577,,,
1018,CORnet_S,transfer,classify,0.001,3,person,4,both,182,211,0.8625592417061612,,,
1014,CORnet_S,transfer,classify,0.001,3,person,5,both,100,127,0.7874015748031497,,,
1019,CORnet_S,transfer,classify,0.001,3,person,6,both,74,84,0.8809523809523809,,,
1016,CORnet_S,transfer,classify,0.001,3,person,7,both,44,56,0.7857142857142857,,,
1024,CORnet_S,transfer,classify,0.001,3,person,8,both,39,43,0.9069767441860463,,,
1022,CORnet_S,transfer,classify,0.001,3,person,9,both,22,27,0.8148148148148148,,,
1082,CORnet_S,transfer,classify,0.001,4,person,1,both,1178,1233,0.9553933495539336,,,
1081,CORnet_S,transfer,classify,0.001,4,person,2,both,549,655,0.8381679389312977,,,
1084,CORnet_S,transfer,classify,0.001,4,person,3,both,291,355,0.819718309859155,,,
1087,CORnet_S,transfer,classify,0.001,4,person,4,both,181,211,0.8578199052132701,,,
1083,CORnet_S,transfer,classify,0.001,4,person,5,both,98,127,0.7716535433070866,,,
1088,CORnet_S,transfer,classify,0.001,4,person,6,both,72,84,0.8571428571428571,,,
1085,CORnet_S,transfer,classify,0.001,4,person,7,both,45,56,0.8035714285714286,,,
1093,CORnet_S,transfer,classify,0.001,4,person,8,both,39,43,0.9069767441860463,,,
1091,CORnet_S,transfer,classify,0.001,4,person,9,both,18,27,0.6666666666666666,,,
599,CORnet_Z,transfer,classify,0.001,1,person,1,both,1143,1233,0.927007299270073,,,
598,CORnet_Z,transfer,classify,0.001,1,person,2,both,518,655,0.7908396946564885,,,
601,CORnet_Z,transfer,classify,0.001,1,person,3,both,279,355,0.7859154929577464,,,
604,CORnet_Z,transfer,classify,0.001,1,person,4,both,170,211,0.8056872037914692,,,
600,CORnet_Z,transfer,classify,0.001,1,person,5,both,95,127,0.7480314960629921,,,
605,CORnet_Z,transfer,classify,0.001,1,person,6,both,67,84,0.7976190476190477,,,
602,CORnet_Z,transfer,classify,0.001,1,person,7,both,48,56,0.8571428571428571,,,
610,CORnet_Z,transfer,classify,0.001,1,person,8,both,41,43,0.9534883720930232,,,
608,CORnet_Z,transfer,classify,0.001,1,person,9,both,16,27,0.5925925925925926,,,
668,CORnet_Z,transfer,classify,0.001,2,person,1,both,1154,1233,0.9359286293592864,,,
667,CORnet_Z,transfer,classify,0.001,2,person,2,both,529,655,0.8076335877862595,,,
670,CORnet_Z,transfer,classify,0.001,2,person,3,both,280,355,0.7887323943661971,,,
673,CORnet_Z,transfer,classify,0.001,2,person,4,both,170,211,0.8056872037914692,,,
669,CORnet_Z,transfer,classify,0.001,2,person,5,both,97,127,0.7637795275590551,,,
674,CORnet_Z,transfer,classify,0.001,2,person,6,both,70,84,0.8333333333333334,,,
671,CORnet_Z,transfer,classify,0.001,2,person,7,both,49,56,0.875,,,
679,CORnet_Z,transfer,classify,0.001,2,person,8,both,40,43,0.9302325581395348,,,
677,CORnet_Z,transfer,classify,0.001,2,person,9,both,18,27,0.6666666666666666,,,
737,CORnet_Z,transfer,classify,0.001,3,person,1,both,1147,1233,0.9302514193025142,,,
736,CORnet_Z,transfer,classify,0.001,3,person,2,both,528,655,0.8061068702290076,,,
739,CORnet_Z,transfer,classify,0.001,3,person,3,both,283,355,0.7971830985915493,,,
742,CORnet_Z,transfer,classify,0.001,3,person,4,both,167,211,0.7914691943127962,,,
738,CORnet_Z,transfer,classify,0.001,3,person,5,both,95,127,0.7480314960629921,,,
743,CORnet_Z,transfer,classify,0.001,3,person,6,both,68,84,0.8095238095238095,,,
740,CORnet_Z,transfer,classify,0.001,3,person,7,both,51,56,0.9107142857142856,,,
748,CORnet_Z,transfer,classify,0.001,3,person,8,both,40,43,0.9302325581395348,,,
746,CORnet_Z,transfer,classify,0.001,3,person,9,both,18,27,0.6666666666666666,,,
806,CORnet_Z,transfer,classify,0.001,4,person,1,both,1150,1233,0.9326845093268452,,,
805,CORnet_Z,transfer,classify,0.001,4,person,2,both,529,655,0.8076335877862595,,,
808,CORnet_Z,transfer,classify,0.001,4,person,3,both,282,355,0.7943661971830986,,,
811,CORnet_Z,transfer,classify,0.001,4,person,4,both,173,211,0.8199052132701422,,,
807,CORnet_Z,transfer,classify,0.001,4,person,5,both,95,127,0.7480314960629921,,,
812,CORnet_Z,transfer,classify,0.001,4,person,6,both,68,84,0.8095238095238095,,,
809,CORnet_Z,transfer,classify,0.001,4,person,7,both,49,56,0.875,,,
817,CORnet_Z,transfer,classify,0.001,4,person,8,both,41,43,0.9534883720930232,,,
815,CORnet_Z,transfer,classify,0.001,4,person,9,both,18,27,0.6666666666666666,,,
323,VGG16,transfer,classify,0.001,1,person,1,both,1194,1233,0.9683698296836984,,,
322,VGG16,transfer,classify,0.001,1,person,2,both,577,655,0.8809160305343512,,,
325,VGG16,transfer,classify,0.001,1,person,3,both,302,355,0.8507042253521127,,,
328,VGG16,transfer,classify,0.001,1,person,4,both,191,211,0.90521327014218,,,
324,VGG16,transfer,classify,0.001,1,person,5,both,101,127,0.7952755905511811,,,
329,VGG16,transfer,classify,0.001,1,person,6,both,70,84,0.8333333333333334,,,
326,VGG16,transfer,classify,0.001,1,person,7,both,50,56,0.8928571428571429,,,
334,VGG16,transfer,classify,0.001,1,person,8,both,41,43,0.9534883720930232,,,
332,VGG16,transfer,classify,0.001,1,person,9,both,17,27,0.6296296296296297,,,
392,VGG16,transfer,classify,0.001,2,person,1,both,1182,1233,0.9586374695863747,,,
391,VGG16,transfer,classify,0.001,2,person,2,both,586,655,0.8946564885496183,,,
394,VGG16,transfer,classify,0.001,2,person,3,both,305,355,0.8591549295774648,,,
397,VGG16,transfer,classify,0.001,2,person,4,both,194,211,0.919431279620853,,,
393,VGG16,transfer,classify,0.001,2,person,5,both,103,127,0.8110236220472441,,,
398,VGG16,transfer,classify,0.001,2,person,6,both,73,84,0.8690476190476191,,,
395,VGG16,transfer,classify,0.001,2,person,7,both,49,56,0.875,,,
403,VGG16,transfer,classify,0.001,2,person,8,both,42,43,0.9767441860465116,,,
401,VGG16,transfer,classify,0.001,2,person,9,both,18,27,0.6666666666666666,,,
461,VGG16,transfer,classify,0.001,3,person,1,both,1196,1233,0.9699918896999188,,,
460,VGG16,transfer,classify,0.001,3,person,2,both,578,655,0.8824427480916031,,,
463,VGG16,transfer,classify,0.001,3,person,3,both,303,355,0.8535211267605634,,,
466,VGG16,transfer,classify,0.001,3,person,4,both,193,211,0.914691943127962,,,
462,VGG16,transfer,classify,0.001,3,person,5,both,100,127,0.7874015748031497,,,
467,VGG16,transfer,classify,0.001,3,person,6,both,73,84,0.8690476190476191,,,
464,VGG16,transfer,classify,0.001,3,person,7,both,49,56,0.875,,,
472,VGG16,transfer,classify,0.001,3,person,8,both,42,43,0.9767441860465116,,,
470,VGG16,transfer,classify,0.001,3,person,9,both,18,27,0.6666666666666666,,,
530,VGG16,transfer,classify,0.001,4,person,1,both,1194,1233,0.9683698296836984,,,
529,VGG16,transfer,classify,0.001,4,person,2,both,580,655,0.8854961832061069,,,
532,VGG16,transfer,classify,0.001,4,person,3,both,300,355,0.8450704225352113,,,
535,VGG16,transfer,classify,0.001,4,person,4,both,189,211,0.8957345971563981,,,
531,VGG16,transfer,classify,0.001,4,person,5,both,101,127,0.7952755905511811,,,
536,VGG16,transfer,classify,0.001,4,person,6,both,70,84,0.8333333333333334,,,
533,VGG16,transfer,classify,0.001,4,person,7,both,51,56,0.9107142857142856,,,
541,VGG16,transfer,classify,0.001,4,person,8,both,42,43,0.9767441860465116,,,
539,VGG16,transfer,classify,0.001,4,person,9,both,18,27,0.6666666666666666,,,
47,alexnet,transfer,classify,0.001,1,person,1,both,1173,1233,0.951338199513382,,,
46,alexnet,transfer,classify,0.001,1,person,2,both,552,655,0.8427480916030534,,,
49,alexnet,transfer,classify,0.001,1,person,3,both,295,355,0.8309859154929577,,,
52,alexnet,transfer,classify,0.001,1,person,4,both,180,211,0.8530805687203792,,,
48,alexnet,transfer,classify,0.001,1,person,5,both,100,127,0.7874015748031497,,,
53,alexnet,transfer,classify,0.001,1,person,6,both,68,84,0.8095238095238095,,,
50,alexnet,transfer,classify,0.001,1,person,7,both,48,56,0.8571428571428571,,,
58,alexnet,transfer,classify,0.001,1,person,8,both,38,43,0.8837209302325582,,,
56,alexnet,transfer,classify,0.001,1,person,9,both,18,27,0.6666666666666666,,,
116,alexnet,transfer,classify,0.001,2,person,1,both,1166,1233,0.94566098945661,,,
115,alexnet,transfer,classify,0.001,2,person,2,both,560,655,0.8549618320610687,,,
118,alexnet,transfer,classify,0.001,2,person,3,both,296,355,0.8338028169014085,,,
121,alexnet,transfer,classify,0.001,2,person,4,both,175,211,0.8293838862559242,,,
117,alexnet,transfer,classify,0.001,2,person,5,both,98,127,0.7716535433070866,,,
122,alexnet,transfer,classify,0.001,2,person,6,both,72,84,0.8571428571428571,,,
119,alexnet,transfer,classify,0.001,2,person,7,both,50,56,0.8928571428571429,,,
127,alexnet,transfer,classify,0.001,2,person,8,both,39,43,0.9069767441860463,,,
125,alexnet,transfer,classify,0.001,2,person,9,both,18,27,0.6666666666666666,,,
185,alexnet,transfer,classify,0.001,3,person,1,both,1177,1233,0.9545823195458232,,,
184,alexnet,transfer,classify,0.001,3,person,2,both,556,655,0.8488549618320611,,,
187,alexnet,transfer,classify,0.001,3,person,3,both,296,355,0.8338028169014085,,,
190,alexnet,transfer,classify,0.001,3,person,4,both,176,211,0.8341232227488151,,,
186,alexnet,transfer,classify,0.001,3,person,5,both,95,127,0.7480314960629921,,,
191,alexnet,transfer,classify,0.001,3,person,6,both,69,84,0.8214285714285714,,,
188,alexnet,transfer,classify,0.001,3,person,7,both,47,56,0.8392857142857143,,,
196,alexnet,transfer,classify,0.001,3,person,8,both,40,43,0.9302325581395348,,,
194,alexnet,transfer,classify,0.001,3,person,9,both,18,27,0.6666666666666666,,,
254,alexnet,transfer,classify,0.001,4,person,1,both,1166,1233,0.94566098945661,,,
253,alexnet,transfer,classify,0.001,4,person,2,both,555,655,0.8473282442748091,,,
256,alexnet,transfer,classify,0.001,4,person,3,both,289,355,0.8140845070422535,,,
259,alexnet,transfer,classify,0.001,4,person,4,both,174,211,0.8246445497630331,,,
255,alexnet,transfer,classify,0.001,4,person,5,both,98,127,0.7716535433070866,,,
260,alexnet,transfer,classify,0.001,4,person,6,both,69,84,0.8214285714285714,,,
257,alexnet,transfer,classify,0.001,4,person,7,both,50,56,0.8928571428571429,,,
265,alexnet,transfer,classify,0.001,4,person,8,both,38,43,0.8837209302325582,,,
263,alexnet,transfer,classify,0.001,4,person,9,both,17,27,0.6296296296296297,,,
